Log start on,2023-02-13 20:18:53
Feature,Gyroscope
Nodes,JAVI    @EA54C6, 
Date,HostTimestamp (ms),NodeName,NodeTimestamp,RawData,X (dps),Y (dps),Z (dps),
13/02/2023 20:18:54.369,1218,JAVI    @EA54C6,9473,38002100D2FF,5.6,3.3,-4.6,
13/02/2023 20:18:54.417,1266,JAVI    @EA54C6,9479,46001B00E0FF,7.0,2.7,-3.2,
13/02/2023 20:18:54.457,1306,JAVI    @EA54C6,9485,E4FFFEFFCCFF,-2.8,-0.2,-5.2,
13/02/2023 20:18:54.648,1497,JAVI    @EA54C6,9492,2E00C0FFACFF,4.6,-6.4,-8.4,
13/02/2023 20:18:54.652,1501,JAVI    @EA54C6,9498,DDFFA5FF96FF,-3.5,-9.1,-10.6,
13/02/2023 20:18:54.655,1504,JAVI    @EA54C6,9504,0F0090FF89FF,1.5,-11.2,-11.9,
13/02/2023 20:18:54.684,1533,JAVI    @EA54C6,9510,06006EFF52FF,0.6,-14.6,-17.4,
13/02/2023 20:18:54.730,1579,JAVI    @EA54C6,9517,5600EEFE00FF,8.6,-27.4,-25.6,
13/02/2023 20:18:54.773,1622,JAVI    @EA54C6,9523,BF0050FE7BFE,19.1,-43.2,-38.9,
13/02/2023 20:18:54.819,1668,JAVI    @EA54C6,9529,5501A9FD98FD,34.1,-59.9,-61.6,
13/02/2023 20:18:54.865,1714,JAVI    @EA54C6,9535,1A01DEFC77FC,28.2,-80.2,-90.5,
13/02/2023 20:18:54.910,1759,JAVI    @EA54C6,9542,690119FCE3FA,36.1,-99.9,-130.9,
13/02/2023 20:18:55.010,1859,JAVI    @EA54C6,9548,A0FF93FCCEF9,-9.6,-87.7,-158.6,
13/02/2023 20:18:55.051,1900,JAVI    @EA54C6,9554,200078FE15FC,3.2,-39.2,-100.3,
13/02/2023 20:18:55.091,1940,JAVI    @EA54C6,9560,5E02B8020102,60.6,69.6,51.3,
13/02/2023 20:18:55.136,1985,JAVI    @EA54C6,9567,DB006105B605,21.9,137.7,146.2,
13/02/2023 20:18:55.181,2030,JAVI    @EA54C6,9573,92FF37061D08,-11.0,159.1,207.7,
13/02/2023 20:18:55.225,2074,JAVI    @EA54C6,9579,EDFE0706E008,-27.5,154.3,227.2,
13/02/2023 20:18:55.273,2122,JAVI    @EA54C6,9585,60FD2804CB06,-67.2,106.4,173.9,
13/02/2023 20:18:55.315,2164,JAVI    @EA54C6,9592,C6FCA701A601,-82.6,42.3,42.2,
13/02/2023 20:18:55.362,2211,JAVI    @EA54C6,9598,D2014A00DCFC,46.6,7.4,-80.4,
13/02/2023 20:18:55.456,2305,JAVI    @EA54C6,9604,1D0951FB81FA,233.3,-119.9,-140.7,
13/02/2023 20:18:55.494,2343,JAVI    @EA54C6,9610,03FC07FDF9F9,-102.1,-76.1,-154.3,
13/02/2023 20:18:55.542,2391,JAVI    @EA54C6,9617,6E01FBFDB7FC,36.6,-51.7,-84.1,
13/02/2023 20:18:55.586,2435,JAVI    @EA54C6,9623,1801A1FEC7FD,28.0,-35.1,-56.9,
13/02/2023 20:18:55.631,2480,JAVI    @EA54C6,9629,1A01A0FE3EFF,28.2,-35.2,-19.4,
13/02/2023 20:18:55.674,2523,JAVI    @EA54C6,9635,7D01CEFDFAFF,38.1,-56.2,-0.6,
13/02/2023 20:18:55.720,2569,JAVI    @EA54C6,9642,5A03DCFCA9FD,85.8,-80.4,-59.9,
13/02/2023 20:18:55.765,2614,JAVI    @EA54C6,9648,18FB79FB58F7,-125.6,-115.9,-221.6,
13/02/2023 20:18:55.872,2721,JAVI    @EA54C6,9654,340885FD19FB,210.0,-63.5,-125.5,
13/02/2023 20:18:55.943,2792,JAVI    @EA54C6,9660,AAFCF8FFB3FF,-85.4,-0.8,-7.7,
13/02/2023 20:18:55.945,2794,JAVI    @EA54C6,9667,FCFC67024905,-77.2,61.5,135.3,
13/02/2023 20:18:55.988,2837,JAVI    @EA54C6,9673,46015205840B,32.6,136.2,294.8,
13/02/2023 20:18:56.036,2885,JAVI    @EA54C6,9679,41FC51077B0C,-95.9,187.3,319.5,
13/02/2023 20:18:56.082,2931,JAVI    @EA54C6,9685,C2F87F06640B,-185.4,166.3,291.6,
13/02/2023 20:18:56.126,2975,JAVI    @EA54C6,9692,BE019A02F504,44.6,66.6,126.9,
13/02/2023 20:18:56.173,3022,JAVI    @EA54C6,9698,6E0581FEDEFB,139.0,-38.3,-105.8,
13/02/2023 20:18:56.215,3064,JAVI    @EA54C6,9704,9009A5FB08F8,244.8,-111.5,-204.0,
13/02/2023 20:18:56.312,3161,JAVI    @EA54C6,9710,C5FCC6FC81F9,-82.7,-82.6,-166.3,
13/02/2023 20:18:56.356,3205,JAVI    @EA54C6,9717,7C02F1FDAFFC,63.6,-52.7,-84.9,
13/02/2023 20:18:56.395,3244,JAVI    @EA54C6,9723,EE0042FD90FE,23.8,-70.2,-36.8,
13/02/2023 20:18:56.441,3290,JAVI    @EA54C6,9729,D4036AFD1FFF,98.0,-66.2,-22.5,
13/02/2023 20:18:56.486,3335,JAVI    @EA54C6,9735,0FFBF6FB78F9,-126.5,-103.4,-167.2,
13/02/2023 20:18:56.530,3379,JAVI    @EA54C6,9742,4802DBFADAF5,58.4,-131.7,-259.8,
13/02/2023 20:18:56.576,3425,JAVI    @EA54C6,9748,7203D2FD1CFD,88.2,-55.8,-74.0,
13/02/2023 20:18:56.624,3473,JAVI    @EA54C6,9754,C0FA14019602,-134.4,27.6,66.2,
13/02/2023 20:18:56.669,3518,JAVI    @EA54C6,9760,77FD2504B709,-64.9,106.1,248.7,
13/02/2023 20:18:56.710,3559,JAVI    @EA54C6,9767,40022407120E,57.6,182.8,360.2,
13/02/2023 20:18:56.807,3656,JAVI    @EA54C6,9773,DFFA7309000E,-131.3,241.9,358.4,
13/02/2023 20:18:56.843,3692,JAVI    @EA54C6,9779,97FEB205820A,-36.1,145.8,269.0,
13/02/2023 20:18:56.890,3739,JAVI    @EA54C6,9785,640071FF68FE,10.0,-14.3,-40.8,
13/02/2023 20:18:56.938,3787,JAVI    @EA54C6,9792,BDF888FD35F1,-185.9,-63.2,-378.7,
13/02/2023 20:18:56.980,3829,JAVI    @EA54C6,9798,70F9B9FBA1F7,-168.0,-109.5,-214.3,
13/02/2023 20:18:57.025,3874,JAVI    @EA54C6,9804,8B03A6FD82FC,90.7,-60.2,-89.4,
13/02/2023 20:18:57.116,3965,JAVI    @EA54C6,9810,79FF5BFD05FE,-13.5,-67.7,-50.7,
13/02/2023 20:18:57.119,3968,JAVI    @EA54C6,9817,2403F3FD96FE,80.4,-52.5,-36.2,
13/02/2023 20:18:57.160,4009,JAVI    @EA54C6,9823,B2019CFC81FB,43.4,-86.8,-115.1,
13/02/2023 20:18:57.255,4104,JAVI    @EA54C6,9829,50FE76FAD8F5,-43.2,-141.8,-260.0,
13/02/2023 20:18:57.297,4146,JAVI    @EA54C6,9835,7B09FFFB78FA,242.7,-102.5,-141.6,
13/02/2023 20:18:57.340,4189,JAVI    @EA54C6,9842,FEFB38FF0EFF,-102.6,-20.0,-24.2,
13/02/2023 20:18:57.387,4236,JAVI    @EA54C6,9848,50FD4C039E07,-68.8,84.4,195.0,
13/02/2023 20:18:57.434,4283,JAVI    @EA54C6,9854,A10132065F0D,41.7,158.6,342.3,
13/02/2023 20:18:57.476,4325,JAVI    @EA54C6,9860,09FE1009E80E,-50.3,232.0,381.6,
13/02/2023 20:18:57.522,4371,JAVI    @EA54C6,9867,ACF746088B0C,-213.2,211.8,321.1,
13/02/2023 20:18:57.565,4414,JAVI    @EA54C6,9873,1A07A1016903,181.8,41.7,87.3,
13/02/2023 20:18:57.611,4460,JAVI    @EA54C6,9879,8800A6FD89FB,13.6,-60.2,-114.3,
13/02/2023 20:18:57.708,4557,JAVI    @EA54C6,9885,92107BF930F8,424.2,-166.9,-200.0,
13/02/2023 20:18:57.751,4600,JAVI    @EA54C6,9892,13FC2CFBDFF6,-100.5,-123.6,-233.7,
13/02/2023 20:18:57.792,4641,JAVI    @EA54C6,9898,9EFF50FDCFFC,-9.8,-68.8,-81.7,
13/02/2023 20:18:57.837,4686,JAVI    @EA54C6,9904,D4017DFD43FE,46.8,-64.3,-44.5,
13/02/2023 20:18:57.882,4731,JAVI    @EA54C6,9910,D80337FDB7FD,98.4,-71.3,-58.5,
13/02/2023 20:18:57.926,4775,JAVI    @EA54C6,9917,67FB6AFAA5F5,-117.7,-143.0,-265.1,
13/02/2023 20:18:57.969,4818,JAVI    @EA54C6,9923,8D09ECFBC2F8,244.5,-104.4,-185.4,
13/02/2023 20:18:58.019,4868,JAVI    @EA54C6,9929,FDFEE9FD7EFD,-25.9,-53.5,-64.2,
13/02/2023 20:18:58.062,4911,JAVI    @EA54C6,9935,CAFBBD025204,-107.8,70.1,110.6,
13/02/2023 20:18:58.152,5001,JAVI    @EA54C6,9942,6100E606590D,9.7,176.6,341.7,
13/02/2023 20:18:58.199,5048,JAVI    @EA54C6,9948,52FE120AA90F,-43.0,257.8,400.9,
13/02/2023 20:18:58.242,5091,JAVI    @EA54C6,9954,6FF789092C0D,-219.3,244.1,337.2,
13/02/2023 20:18:58.286,5135,JAVI    @EA54C6,9960,FA025701FE03,76.2,34.3,102.2,
13/02/2023 20:18:58.332,5181,JAVI    @EA54C6,9967,6200A6FE33FD,9.8,-34.6,-71.7,
13/02/2023 20:18:58.377,5226,JAVI    @EA54C6,9973,D30FFFFA42F7,405.1,-128.1,-223.8,
13/02/2023 20:18:58.423,5272,JAVI    @EA54C6,9979,C601F0FB3CF8,45.4,-104.0,-198.8,
13/02/2023 20:18:58.464,5313,JAVI    @EA54C6,9985,11002EFDC4FC,1.7,-72.2,-82.8,
13/02/2023 20:18:58.510,5359,JAVI    @EA54C6,9992,5C02CDFDBCFD,60.4,-56.3,-58.0,
13/02/2023 20:18:58.604,5453,JAVI    @EA54C6,9998,05033BFDCBFC,77.3,-70.9,-82.1,
13/02/2023 20:18:58.646,5495,JAVI    @EA54C6,10004,04FCC7FAB1F4,-102.0,-133.7,-289.5,
13/02/2023 20:18:58.690,5539,JAVI    @EA54C6,10010,460B1EFB00F9,288.6,-125.0,-179.2,
13/02/2023 20:18:58.737,5586,JAVI    @EA54C6,10017,7CFBC9FE80FD,-115.6,-31.1,-64.0,
13/02/2023 20:18:58.780,5629,JAVI    @EA54C6,10023,29FCA302EC04,-98.3,67.5,126.0,
13/02/2023 20:18:58.827,5676,JAVI    @EA54C6,10029,24FEB405370C,-47.6,146.0,312.7,
13/02/2023 20:18:58.923,5772,JAVI    @EA54C6,10035,1F01B708B00F,28.7,223.1,401.6,
13/02/2023 20:18:58.929,5778,JAVI    @EA54C6,10042,BEFB130A8E0D,-109.0,257.9,347.0,
13/02/2023 20:18:58.961,5810,JAVI    @EA54C6,10048,B20147026C05,43.4,58.3,138.8,
13/02/2023 20:18:59.049,5898,JAVI    @EA54C6,10054,BFFE67FE29FC,-32.1,-40.9,-98.3,
13/02/2023 20:18:59.094,5943,JAVI    @EA54C6,10060,A21069FC71FA,425.8,-91.9,-142.3,
13/02/2023 20:18:59.141,5990,JAVI    @EA54C6,10067,900126FC3AF8,40.0,-98.6,-199.0,
13/02/2023 20:18:59.187,6036,JAVI    @EA54C6,10073,BE0009FD99FC,19.0,-75.9,-87.1,
13/02/2023 20:18:59.229,6078,JAVI    @EA54C6,10079,72FF29FD48FD,-14.2,-72.7,-69.6,
13/02/2023 20:18:59.276,6125,JAVI    @EA54C6,10085,A70698FD53FD,170.3,-61.6,-68.5,
13/02/2023 20:18:59.321,6170,JAVI    @EA54C6,10092,83FC13FB23F5,-89.3,-126.1,-278.1,
13/02/2023 20:18:59.364,6213,JAVI    @EA54C6,10098,FC099BFB65F9,255.6,-112.5,-169.1,
13/02/2023 20:18:59.410,6259,JAVI    @EA54C6,10104,B1FCA7FE43FE,-84.7,-34.5,-44.5,
13/02/2023 20:18:59.510,6359,JAVI    @EA54C6,10110,7EFCFD029D05,-89.8,76.5,143.7,
13/02/2023 20:18:59.546,6395,JAVI    @EA54C6,10117,38FFB406EC0C,-20.0,171.6,330.8,
13/02/2023 20:18:59.590,6439,JAVI    @EA54C6,10123,1CFFD3095410,-22.8,251.5,418.0,
13/02/2023 20:18:59.639,6488,JAVI    @EA54C6,10129,D5FB360A530E,-106.7,261.4,366.7,
13/02/2023 20:18:59.681,6530,JAVI    @EA54C6,10135,9600B402CF02,15.0,69.2,71.9,
13/02/2023 20:18:59.725,6574,JAVI    @EA54C6,10142,C4F7D8FEF4F5,-210.8,-29.6,-257.2,
13/02/2023 20:18:59.784,6633,JAVI    @EA54C6,10148,00089DFA80F4,204.8,-137.9,-294.4,
13/02/2023 20:18:59.830,6679,JAVI    @EA54C6,10154,3D057DFCDEF9,134.1,-89.9,-157.0,
13/02/2023 20:18:59.863,6712,JAVI    @EA54C6,10160,320011FD71FD,5.0,-75.1,-65.5,
13/02/2023 20:18:59.966,6815,JAVI    @EA54C6,10167,25014EFD19FE,29.3,-69.0,-48.7,
13/02/2023 20:18:59.996,6845,JAVI    @EA54C6,10173,7201F9FB8EFC,37.0,-103.1,-88.2,
13/02/2023 20:19:00.040,6889,JAVI    @EA54C6,10179,E1FD80FAD2F4,-54.3,-140.8,-286.2,
13/02/2023 20:19:00.085,6934,JAVI    @EA54C6,10185,F608C5FC01FA,229.4,-82.7,-153.5,
13/02/2023 20:19:00.132,6981,JAVI    @EA54C6,10192,88FC2700E6FF,-88.8,3.9,-2.6,
13/02/2023 20:19:00.175,7024,JAVI    @EA54C6,10198,6BFC7E040308,-91.7,115.0,205.1,
13/02/2023 20:19:00.270,7119,JAVI    @EA54C6,10204,12009A07400E,1.8,194.6,364.8,
13/02/2023 20:19:00.274,7123,JAVI    @EA54C6,10210,A6FFE20A4510,-9.0,278.6,416.5,
13/02/2023 20:19:00.309,7158,JAVI    @EA54C6,10217,CDFBBC09A90D,-107.5,249.2,349.7,
13/02/2023 20:19:00.409,7258,JAVI    @EA54C6,10223,B8FDB800A603,-58.4,18.4,93.4,
13/02/2023 20:19:00.454,7303,JAVI    @EA54C6,10229,3DFC7FFE26FB,-96.3,-38.5,-124.2,
13/02/2023 20:19:00.492,7341,JAVI    @EA54C6,10235,BB0A0CFB11F5,274.7,-126.8,-279.9,
13/02/2023 20:19:00.533,7382,JAVI    @EA54C6,10242,8805EDFCFBF8,141.6,-78.7,-179.7,
13/02/2023 20:19:00.579,7428,JAVI    @EA54C6,10248,0E00ADFD85FC,1.4,-59.5,-89.1,
13/02/2023 20:19:00.626,7475,JAVI    @EA54C6,10254,C1FFDDFD86FD,-6.3,-54.7,-63.4,
13/02/2023 20:19:00.675,7524,JAVI    @EA54C6,10260,B0051BFEA2FC,145.6,-48.5,-86.2,
13/02/2023 20:19:00.714,7563,JAVI    @EA54C6,10267,46FB00FB96F4,-121.0,-128.0,-292.2,
13/02/2023 20:19:00.760,7609,JAVI    @EA54C6,10273,200A3AFCA1F8,259.2,-96.6,-188.7,
13/02/2023 20:19:00.851,7700,JAVI    @EA54C6,10279,150098FFA4FC,2.1,-10.4,-86.0,
13/02/2023 20:19:00.896,7745,JAVI    @EA54C6,10285,BDFC59022305,-83.5,60.1,131.5,
13/02/2023 20:19:00.940,7789,JAVI    @EA54C6,10292,5BFF4B05050C,-16.5,135.5,307.7,
13/02/2023 20:19:00.986,7835,JAVI    @EA54C6,10298,7300FC08700F,11.5,230.0,395.2,
13/02/2023 20:19:01.030,7879,JAVI    @EA54C6,10304,F9FA570A750E,-128.7,264.7,370.1,
13/02/2023 20:19:01.076,7925,JAVI    @EA54C6,10310,4DFFEC032409,-17.9,100.4,234.0,
13/02/2023 20:19:01.121,7970,JAVI    @EA54C6,10317,F7FB47FEE7FC,-103.3,-44.1,-79.3,
13/02/2023 20:19:01.164,8013,JAVI    @EA54C6,10323,5A0611FAABF2,162.6,-151.9,-341.3,
13/02/2023 20:19:01.208,8057,JAVI    @EA54C6,10329,19FE02FB73F6,-48.7,-127.8,-244.5,
13/02/2023 20:19:01.304,8153,JAVI    @EA54C6,10335,8901E2FC3CFB,39.3,-79.8,-122.0,
13/02/2023 20:19:01.345,8194,JAVI    @EA54C6,10342,240075FDE3FE,3.6,-65.1,-28.5,
13/02/2023 20:19:01.393,8242,JAVI    @EA54C6,10348,560203FE2BFE,59.8,-50.9,-46.9,
13/02/2023 20:19:01.433,8282,JAVI    @EA54C6,10354,45FE73FB85F9,-44.3,-116.5,-165.9,
13/02/2023 20:19:01.479,8328,JAVI    @EA54C6,10360,E902BDFA99F4,74.5,-134.7,-291.9,
13/02/2023 20:19:01.523,8372,JAVI    @EA54C6,10367,800758FCCEF9,192.0,-93.6,-158.6,
13/02/2023 20:19:01.572,8421,JAVI    @EA54C6,10373,8EF8BEFF79FF,-190.6,-6.6,-13.5,
13/02/2023 20:19:01.613,8462,JAVI    @EA54C6,10379,7BFB6D031109,-115.7,87.7,232.1,
13/02/2023 20:19:01.660,8509,JAVI    @EA54C6,10385,840382060E0F,90.0,166.6,385.4,
13/02/2023 20:19:01.753,8602,JAVI    @EA54C6,10392,D9FF330B0F0F,-3.9,286.7,385.5,
13/02/2023 20:19:01.794,8643,JAVI    @EA54C6,10398,DFF4E808A10C,-284.9,228.0,323.3,
13/02/2023 20:19:01.838,8687,JAVI    @EA54C6,10404,20FE3B008A01,-48.0,5.9,39.4,
13/02/2023 20:19:01.891,8740,JAVI    @EA54C6,10410,29FEDFFEC6F8,-47.1,-28.9,-185.0,
13/02/2023 20:19:01.931,8780,JAVI    @EA54C6,10417,0708D8FA96F6,205.5,-132.0,-241.0,
13/02/2023 20:19:01.977,8826,JAVI    @EA54C6,10423,EF04F8FC6DF9,126.3,-77.6,-168.3,
13/02/2023 20:19:02.021,8870,JAVI    @EA54C6,10429,A800FDFDD1FD,16.8,-51.5,-55.9,
13/02/2023 20:19:02.065,8914,JAVI    @EA54C6,10435,60FFD6FD04FE,-16.0,-55.4,-50.8,
13/02/2023 20:19:02.109,8958,JAVI    @EA54C6,10442,E305A2FDE2FB,150.7,-60.6,-105.4,
13/02/2023 20:19:02.201,9050,JAVI    @EA54C6,10448,E6FB74FA90F4,-105.0,-142.0,-292.8,
13/02/2023 20:19:02.245,9094,JAVI    @EA54C6,10454,E3085BFC46F8,227.5,-93.3,-197.8,
13/02/2023 20:19:02.288,9137,JAVI    @EA54C6,10460,9CFED4FEFFFD,-35.6,-30.0,-51.3,
13/02/2023 20:19:02.333,9182,JAVI    @EA54C6,10467,7AFAD6021D05,-141.4,72.6,130.9,
13/02/2023 20:19:02.380,9229,JAVI    @EA54C6,10473,9DFFC0058E0C,-9.9,147.2,321.4,
13/02/2023 20:19:02.424,9273,JAVI    @EA54C6,10479,E0FFD009D50F,-3.2,251.2,405.3,
13/02/2023 20:19:02.470,9319,JAVI    @EA54C6,10485,43F76A09900D,-223.7,241.0,347.2,
13/02/2023 20:19:02.516,9365,JAVI    @EA54C6,10492,C2013D01C403,45.0,31.7,96.4,
13/02/2023 20:19:02.559,9408,JAVI    @EA54C6,10498,4FF80BFEAEF4,-196.9,-50.1,-289.8,
13/02/2023 20:19:02.652,9501,JAVI    @EA54C6,10504,6405C3FBA3F4,138.0,-108.5,-290.9,
13/02/2023 20:19:02.697,9546,JAVI    @EA54C6,10510,C903DFFC9AF9,96.9,-80.1,-163.8,
13/02/2023 20:19:02.739,9588,JAVI    @EA54C6,10517,410090FDDCFC,6.5,-62.4,-80.4,
13/02/2023 20:19:02.784,9633,JAVI    @EA54C6,10523,1DFEB2FD4DFD,-48.3,-59.0,-69.1,
13/02/2023 20:19:02.831,9680,JAVI    @EA54C6,10529,030618FD87FC,153.9,-74.4,-88.9,
13/02/2023 20:19:02.921,9770,JAVI    @EA54C6,10535,2FFC04FBA3F4,-97.7,-127.6,-290.9,
13/02/2023 20:19:02.926,9775,JAVI    @EA54C6,10542,A10BE4FB9BFA,297.7,-105.2,-138.1,
13/02/2023 20:19:02.964,9813,JAVI    @EA54C6,10548,9AFC220090FF,-87.0,3.4,-11.2,
13/02/2023 20:19:03.055,9904,JAVI    @EA54C6,10554,79FBD503DD06,-115.9,98.1,175.7,
13/02/2023 20:19:03.101,9950,JAVI    @EA54C6,10560,2BFF9106F20D,-21.3,168.1,357.0,
13/02/2023 20:19:03.146,9994,JAVI    @EA54C6,10567,33011A09A810,30.7,233.0,426.4,
13/02/2023 20:19:03.191,10040,JAVI    @EA54C6,10573,A7F8D409740B,-188.1,251.6,293.2,
13/02/2023 20:19:03.236,10085,JAVI    @EA54C6,10579,ACFF1E00E700,-8.4,3.0,23.1,
13/02/2023 20:19:03.279,10128,JAVI    @EA54C6,10585,4DF738FFCAF5,-222.7,-20.0,-261.4,
13/02/2023 20:19:03.327,10176,JAVI    @EA54C6,10592,9407E1FB81F4,194.0,-105.5,-294.3,
13/02/2023 20:19:03.371,10220,JAVI    @EA54C6,10598,590441FDE7F9,111.3,-70.3,-156.1,
13/02/2023 20:19:03.415,10264,JAVI    @EA54C6,10604,99FF87FD4AFD,-10.3,-63.3,-69.4,
13/02/2023 20:19:03.461,10310,JAVI    @EA54C6,10610,8A011BFEA0FD,39.4,-48.5,-60.8,
13/02/2023 20:19:03.549,10398,JAVI    @EA54C6,10617,950375FD69FC,91.7,-65.1,-91.9,
13/02/2023 20:19:03.594,10443,JAVI    @EA54C6,10623,3BFD1AFBE9F4,-70.9,-125.4,-283.9,
13/02/2023 20:19:03.640,10489,JAVI    @EA54C6,10629,490B1AFC65FA,288.9,-99.8,-143.5,
13/02/2023 20:19:03.685,10534,JAVI    @EA54C6,10635,7DFA87FFF2FE,-141.1,-12.1,-27.0,
13/02/2023 20:19:03.729,10578,JAVI    @EA54C6,10642,79FC4B03D706,-90.3,84.3,175.1,
13/02/2023 20:19:03.774,10623,JAVI    @EA54C6,10648,4E028906660D,59.0,167.3,343.0,
13/02/2023 20:19:03.818,10667,JAVI    @EA54C6,10654,1400AB0A7A0F,2.0,273.1,396.2,
13/02/2023 20:19:03.865,10714,JAVI    @EA54C6,10660,48F9190A4C0D,-172.0,258.5,340.4,
13/02/2023 20:19:03.909,10758,JAVI    @EA54C6,10667,9B012D018405,41.1,30.1,141.2,
13/02/2023 20:19:04.010,10859,JAVI    @EA54C6,10673,61FDEBFF05FA,-67.1,-2.1,-153.1,
13/02/2023 20:19:04.043,10892,JAVI    @EA54C6,10679,AD0D22FAD2F5,350.1,-150.2,-260.6,
13/02/2023 20:19:04.087,10936,JAVI    @EA54C6,10685,BB0408FDDBF8,121.1,-76.0,-182.9,
13/02/2023 20:19:04.134,10983,JAVI    @EA54C6,10692,E9FF81FD9AFC,-2.3,-63.9,-87.0,
13/02/2023 20:19:04.180,11029,JAVI    @EA54C6,10698,00FF75FD9BFD,-25.6,-65.1,-61.3,
13/02/2023 20:19:04.225,11074,JAVI    @EA54C6,10704,F90419FE94FC,127.3,-48.7,-87.6,
13/02/2023 20:19:04.270,11119,JAVI    @EA54C6,10710,5AFED7FA3DF6,-42.2,-132.1,-249.9,
13/02/2023 20:19:04.316,11165,JAVI    @EA54C6,10717,D608C7FB8FF8,226.2,-108.1,-190.5,
13/02/2023 20:19:04.360,11209,JAVI    @EA54C6,10723,FAFCECFEE4FD,-77.4,-27.6,-54.0,
13/02/2023 20:19:04.448,11297,JAVI    @EA54C6,10729,D4FB6D028A05,-106.8,62.1,141.8,
13/02/2023 20:19:04.493,11342,JAVI    @EA54C6,10735,B5FE3705830C,-33.1,133.5,320.3,
13/02/2023 20:19:04.542,11391,JAVI    @EA54C6,10742,C600A208BA0F,19.8,221.0,402.6,
13/02/2023 20:19:04.587,11436,JAVI    @EA54C6,10748,48FCD409A30E,-95.2,251.6,374.7,
13/02/2023 20:19:04.630,11479,JAVI    @EA54C6,10754,F5FEC6039207,-26.7,96.6,193.8,
13/02/2023 20:19:04.675,11524,JAVI    @EA54C6,10760,7DFEB6FE92FC,-38.7,-33.0,-87.8,
13/02/2023 20:19:04.721,11570,JAVI    @EA54C6,10767,DA0C58F91DF6,329.0,-170.4,-253.1,
13/02/2023 20:19:04.763,11612,JAVI    @EA54C6,10773,280399FCBAF8,80.8,-87.1,-186.2,
13/02/2023 20:19:04.863,11712,JAVI    @EA54C6,10779,860044FD9DFC,13.4,-70.0,-86.7,
13/02/2023 20:19:04.900,11749,JAVI    @EA54C6,10785,020068FD01FE,0.2,-66.4,-51.1,
13/02/2023 20:19:04.946,11795,JAVI    @EA54C6,10792,AC04CCFD00FE,119.6,-56.4,-51.2,
13/02/2023 20:19:04.989,11838,JAVI    @EA54C6,10798,E2F935FB4BF6,-156.6,-122.7,-248.5,
13/02/2023 20:19:05.035,11884,JAVI    @EA54C6,10804,BB08F7FBA9F7,223.5,-103.3,-213.5,
13/02/2023 20:19:05.079,11928,JAVI    @EA54C6,10810,0E02E3FD1FFC,52.6,-54.1,-99.3,
13/02/2023 20:19:05.126,11975,JAVI    @EA54C6,10817,E2FB20015204,-105.4,28.8,110.6,
13/02/2023 20:19:05.172,12021,JAVI    @EA54C6,10823,690039062A0C,10.5,159.3,311.4,
13/02/2023 20:19:05.214,12063,JAVI    @EA54C6,10829,F7025E0AB20F,75.9,265.4,401.8,
13/02/2023 20:19:05.261,12110,JAVI    @EA54C6,10835,1BFA790BBC0E,-150.9,293.7,377.2,
13/02/2023 20:19:05.360,12210,JAVI    @EA54C6,10842,83FF4E031408,-12.5,84.6,206.8,
13/02/2023 20:19:05.397,12246,JAVI    @EA54C6,10848,1AFA3CFFA7FB,-151.0,-19.6,-111.3,
13/02/2023 20:19:05.439,12288,JAVI    @EA54C6,10854,D4005CF98EEE,21.2,-170.0,-446.6,
13/02/2023 20:19:05.485,12334,JAVI    @EA54C6,10860,B5FECCFB60F6,-33.1,-107.6,-246.4,
13/02/2023 20:19:05.530,12379,JAVI    @EA54C6,10867,4F0082FDAAFB,7.9,-63.8,-111.0,
13/02/2023 20:19:05.575,12424,JAVI    @EA54C6,10873,C0FF9DFD36FD,-6.4,-61.1,-71.4,
13/02/2023 20:19:05.620,12469,JAVI    @EA54C6,10879,1A0461FE44FD,105.0,-41.5,-70.0,
13/02/2023 20:19:05.664,12513,JAVI    @EA54C6,10885,C4FB9AFC9BF7,-108.4,-87.0,-214.9,
13/02/2023 20:19:05.709,12558,JAVI    @EA54C6,10892,3F04F9FB5AF5,108.7,-103.1,-272.6,
13/02/2023 20:19:05.803,12652,JAVI    @EA54C6,10898,5D0836FD95FB,214.1,-71.4,-113.1,
13/02/2023 20:19:05.843,12692,JAVI    @EA54C6,10904,69F9E200E301,-168.7,22.6,48.3,
13/02/2023 20:19:05.888,12737,JAVI    @EA54C6,10910,76FE4B04470A,-39.4,109.9,263.1,
13/02/2023 20:19:05.935,12784,JAVI    @EA54C6,10917,7E0711096F0F,191.8,232.1,395.1,
13/02/2023 20:19:05.981,12830,JAVI    @EA54C6,10923,01F8260C3C0D,-204.7,311.0,338.8,
13/02/2023 20:19:06.024,12873,JAVI    @EA54C6,10929,F0F8DB04FB09,-180.8,124.3,255.5,
13/02/2023 20:19:06.069,12918,JAVI    @EA54C6,10935,D3FEDEFF25FF,-30.1,-3.4,-21.9,
13/02/2023 20:19:06.117,12966,JAVI    @EA54C6,10942,D5FF8DFE0FF7,-4.3,-37.1,-228.9,
13/02/2023 20:19:06.160,13009,JAVI    @EA54C6,10948,270000FCD4F5,3.9,-102.4,-260.4,
13/02/2023 20:19:06.253,13102,JAVI    @EA54C6,10954,8E05DCFC58FA,142.2,-80.4,-144.8,
13/02/2023 20:19:06.296,13145,JAVI    @EA54C6,10960,AFFF2FFD40FD,-8.1,-72.1,-70.4,
13/02/2023 20:19:06.339,13188,JAVI    @EA54C6,10967,F70004FEDAFD,24.7,-50.8,-55.0,
13/02/2023 20:19:06.432,13281,JAVI    @EA54C6,10973,A40386FD5EFB,93.2,-63.4,-118.6,
13/02/2023 20:19:06.436,13285,JAVI    @EA54C6,10979,12FC2CFB3DF5,-100.6,-123.6,-275.5,
13/02/2023 20:19:06.477,13326,JAVI    @EA54C6,10985,040AA6FCD1F9,256.4,-85.8,-158.3,
13/02/2023 20:19:06.521,13370,JAVI    @EA54C6,10992,11FA9EFF98FF,-151.9,-9.8,-10.4,
13/02/2023 20:19:06.565,13414,JAVI    @EA54C6,10998,3CFD9703DB07,-70.8,91.9,201.1,
13/02/2023 20:19:06.608,13457,JAVI    @EA54C6,11004,1204A506660E,104.2,170.1,368.6,
13/02/2023 20:19:06.701,13550,JAVI    @EA54C6,11010,57FF4E0A200F,-16.9,263.8,387.2,
13/02/2023 20:19:06.745,13594,JAVI    @EA54C6,11017,BAF476076A0C,-288.6,191.0,317.8,
13/02/2023 20:19:06.788,13637,JAVI    @EA54C6,11023,24001A01C702,3.6,28.2,71.1,
13/02/2023 20:19:06.835,13684,JAVI    @EA54C6,11029,F302C5FEFBF9,75.5,-31.5,-154.1,
13/02/2023 20:19:06.881,13730,JAVI    @EA54C6,11035,AB003FFA2BF5,17.1,-147.3,-277.3,
13/02/2023 20:19:06.925,13774,JAVI    @EA54C6,11042,1D06F7FC6AF9,156.5,-77.7,-168.6,
13/02/2023 20:19:06.970,13819,JAVI    @EA54C6,11048,B3FF62FD3EFB,-7.7,-67.0,-121.8,
13/02/2023 20:19:07.015,13864,JAVI    @EA54C6,11054,6AFFC0FD2EFE,-15.0,-57.6,-46.6,
13/02/2023 20:19:07.060,13909,JAVI    @EA54C6,11060,DE0100FEE1FD,47.8,-51.2,-54.3,
13/02/2023 20:19:07.152,14001,JAVI    @EA54C6,11067,9401D9FCF7F8,40.4,-80.7,-180.1,
13/02/2023 20:19:07.198,14047,JAVI    @EA54C6,11073,F1FF4CFA46F5,-1.5,-146.0,-274.6,
13/02/2023 20:19:07.239,14088,JAVI    @EA54C6,11079,59081AFC7BFB,213.7,-99.8,-115.7,
13/02/2023 20:19:07.285,14134,JAVI    @EA54C6,11085,A0FA4300FE01,-137.6,6.7,51.0,
13/02/2023 20:19:07.330,14179,JAVI    @EA54C6,11092,26FC6A037709,-98.6,87.4,242.3,
13/02/2023 20:19:07.380,14229,JAVI    @EA54C6,11098,20022B06850E,54.4,157.9,371.7,
13/02/2023 20:19:07.420,14269,JAVI    @EA54C6,11104,FBFF8309130F,-0.5,243.5,385.9,
13/02/2023 20:19:07.467,14316,JAVI    @EA54C6,11110,E8F8CA05F508,-181.6,148.2,229.3,
13/02/2023 20:19:07.510,14359,JAVI    @EA54C6,11117,91016CFF77FE,40.1,-14.8,-39.3,
13/02/2023 20:19:07.606,14455,JAVI    @EA54C6,11123,A4FE0EFECEFB,-34.8,-49.8,-107.4,
13/02/2023 20:19:07.645,14494,JAVI    @EA54C6,11129,3509D7FBAFF9,235.7,-106.5,-161.7,
13/02/2023 20:19:07.691,14540,JAVI    @EA54C6,11135,300212FD5FF8,56.0,-75.0,-195.3,
13/02/2023 20:19:07.735,14584,JAVI    @EA54C6,11142,4400C4FD2CFC,6.8,-57.2,-98.0,
13/02/2023 20:19:07.782,14631,JAVI    @EA54C6,11148,3BFF96FDD0FD,-19.7,-61.8,-56.0,
13/02/2023 20:19:07.827,14676,JAVI    @EA54C6,11154,500516FE5CFD,136.0,-49.0,-67.6,
13/02/2023 20:19:07.871,14720,JAVI    @EA54C6,11160,13FBBEFB18F6,-126.1,-109.0,-253.6,
13/02/2023 20:19:07.916,14765,JAVI    @EA54C6,11167,E6050FFDF1F7,151.0,-75.3,-206.3,
13/02/2023 20:19:07.959,14808,JAVI    @EA54C6,11173,900611FFCEFC,168.0,-23.9,-81.8,
13/02/2023 20:19:08.052,14901,JAVI    @EA54C6,11179,54F8FF01C204,-196.4,51.1,121.8,
13/02/2023 20:19:08.098,14947,JAVI    @EA54C6,11185,12FC3104890A,-100.6,107.3,269.7,
13/02/2023 20:19:08.140,14989,JAVI    @EA54C6,11192,42055807E50E,134.6,188.0,381.3,
13/02/2023 20:19:08.185,15034,JAVI    @EA54C6,11198,D9FD600A080D,-55.1,265.6,333.6,
13/02/2023 20:19:08.232,15081,JAVI    @EA54C6,11204,57F9B6058409,-170.5,146.2,243.6,
13/02/2023 20:19:08.275,15124,JAVI    @EA54C6,11210,14FFA4FEAAFC,-23.6,-34.8,-85.4,
13/02/2023 20:19:08.321,15170,JAVI    @EA54C6,11217,D90542F901F3,149.7,-172.6,-332.7,
13/02/2023 20:19:08.365,15214,JAVI    @EA54C6,11223,CCF90AFCD0F6,-158.8,-101.4,-235.2,
13/02/2023 20:19:08.410,15259,JAVI    @EA54C6,11229,3C0386FD61FB,82.8,-63.4,-118.3,
13/02/2023 20:19:08.500,15349,JAVI    @EA54C6,11235,F4FF94FDFFFD,-1.2,-62.0,-51.3,
13/02/2023 20:19:08.543,15392,JAVI    @EA54C6,11242,FC00ADFD51FE,25.2,-59.5,-43.1,
13/02/2023 20:19:08.590,15439,JAVI    @EA54C6,11248,9A0338FD8FFC,92.2,-71.2,-88.1,
13/02/2023 20:19:08.645,15494,JAVI    @EA54C6,11254,70FD5FFBF0F5,-65.6,-118.5,-257.6,
13/02/2023 20:19:08.680,15529,JAVI    @EA54C6,11260,C70975FC31FA,250.3,-90.7,-148.7,
13/02/2023 20:19:08.724,15573,JAVI    @EA54C6,11267,37FB56FF2DFF,-122.5,-17.0,-21.1,
13/02/2023 20:19:08.770,15619,JAVI    @EA54C6,11273,58FB79020406,-119.2,63.3,154.0,
13/02/2023 20:19:08.817,15666,JAVI    @EA54C6,11279,33FF5705AC0C,-20.5,136.7,324.4,
13/02/2023 20:19:08.861,15710,JAVI    @EA54C6,11285,7500A708930F,11.7,221.5,398.7,
13/02/2023 20:19:08.959,15808,JAVI    @EA54C6,11292,98FC080A700D,-87.2,256.8,344.0,
13/02/2023 20:19:08.995,15844,JAVI    @EA54C6,11298,0E00F4022606,1.4,75.6,157.4,
13/02/2023 20:19:09.041,15890,JAVI    @EA54C6,11304,33FC61FE4AFB,-97.3,-41.5,-120.6,
13/02/2023 20:19:09.084,15933,JAVI    @EA54C6,11310,C30BC8F904F8,301.1,-159.2,-204.4,
13/02/2023 20:19:09.130,15979,JAVI    @EA54C6,11317,A5FAAEFB03F6,-137.1,-110.6,-255.7,
13/02/2023 20:19:09.175,16024,JAVI    @EA54C6,11323,990139FDFDFB,40.9,-71.1,-102.7,
13/02/2023 20:19:09.221,16070,JAVI    @EA54C6,11329,04FFDEFDA0FE,-25.2,-54.6,-35.2,
13/02/2023 20:19:09.265,16114,JAVI    @EA54C6,11335,000445FEEBFD,102.4,-44.3,-53.3,
13/02/2023 20:19:09.310,16159,JAVI    @EA54C6,11342,98002BFC5FF9,15.2,-98.1,-169.7,
13/02/2023 20:19:09.402,16251,JAVI    @EA54C6,11348,20009BFAECF4,3.2,-138.1,-283.6,
13/02/2023 20:19:09.445,16294,JAVI    @EA54C6,11354,8606DDFCB0FB,167.0,-80.3,-110.4,
13/02/2023 20:19:09.490,16339,JAVI    @EA54C6,11360,49F97B008201,-171.9,12.3,38.6,
13/02/2023 20:19:09.535,16384,JAVI    @EA54C6,11367,E6FC7403DE08,-79.4,88.4,227.0,
13/02/2023 20:19:09.580,16429,JAVI    @EA54C6,11373,42036406540E,83.4,163.6,366.8,
13/02/2023 20:19:09.626,16475,JAVI    @EA54C6,11379,0200CF09120F,0.2,251.1,385.8,
13/02/2023 20:19:09.668,16517,JAVI    @EA54C6,11385,22F67608D60A,-252.6,216.6,277.4,
13/02/2023 20:19:09.715,16564,JAVI    @EA54C6,11392,E80366000602,100.0,10.2,51.8,
13/02/2023 20:19:09.762,16611,JAVI    @EA54C6,11398,91F4D3FF27F3,-292.7,-4.5,-328.9,
13/02/2023 20:19:09.859,16708,JAVI    @EA54C6,11404,24FD20FB37F7,-73.2,-124.8,-224.9,
13/02/2023 20:19:09.901,16750,JAVI    @EA54C6,11410,AA0381FD37FB,93.8,-63.9,-122.5,
13/02/2023 20:19:09.940,16789,JAVI    @EA54C6,11417,89FF79FD7EFE,-11.9,-64.7,-38.6,
13/02/2023 20:19:09.985,16834,JAVI    @EA54C6,11423,5D0094FDBCFE,9.3,-62.0,-32.4,
13/02/2023 20:19:10.032,16881,JAVI    @EA54C6,11429,CD0343FD71FD,97.3,-70.1,-65.5,
13/02/2023 20:19:10.077,16926,JAVI    @EA54C6,11435,74FB62FAC6F4,-116.4,-143.8,-287.4,
13/02/2023 20:19:10.121,16970,JAVI    @EA54C6,11442,A709CAFADBF7,247.1,-133.4,-208.5,
13/02/2023 20:19:10.167,17016,JAVI    @EA54C6,11448,91FD19FE32FC,-62.3,-48.7,-97.4,
13/02/2023 20:19:10.210,17059,JAVI    @EA54C6,11454,F5FC8803C505,-77.9,90.4,147.7,
13/02/2023 20:19:10.314,17163,JAVI    @EA54C6,11460,B100EB06F70C,17.7,177.1,331.9,
13/02/2023 20:19:10.347,17196,JAVI    @EA54C6,11467,82FFD5093A10,-12.6,251.7,415.4,
13/02/2023 20:19:10.389,17238,JAVI    @EA54C6,11473,AFF9140A780E,-161.7,258.0,370.4,
13/02/2023 20:19:10.435,17284,JAVI    @EA54C6,11479,D70219024306,72.7,53.7,160.3,
13/02/2023 20:19:10.481,17330,JAVI    @EA54C6,11485,05FB60FE46FB,-127.5,-41.6,-121.0,
13/02/2023 20:19:10.526,17375,JAVI    @EA54C6,11492,0703AEF414F1,77.5,-289.8,-382.0,
13/02/2023 20:19:10.572,17421,JAVI    @EA54C6,11498,60FBB8FB4CF7,-118.4,-109.6,-222.8,
13/02/2023 20:19:10.618,17467,JAVI    @EA54C6,11504,E7FF55FD87FC,-2.5,-68.3,-88.9,
13/02/2023 20:19:10.659,17508,JAVI    @EA54C6,11510,C0FEBEFDF0FD,-32.0,-57.8,-52.8,
13/02/2023 20:19:10.759,17608,JAVI    @EA54C6,11517,1C062EFE82FD,156.4,-46.6,-63.8,
13/02/2023 20:19:10.800,17649,JAVI    @EA54C6,11523,1AF95AFBDEF5,-176.6,-119.0,-259.4,
13/02/2023 20:19:10.839,17688,JAVI    @EA54C6,11529,70075FFBC8F5,190.4,-118.5,-261.6,
13/02/2023 20:19:10.890,17739,JAVI    @EA54C6,11535,F204ADFC45FB,126.6,-85.1,-121.1,
13/02/2023 20:19:10.931,17780,JAVI    @EA54C6,11542,7DFA4F00A401,-141.1,7.9,42.0,
13/02/2023 20:19:10.981,17830,JAVI    @EA54C6,11548,FDFD2205690B,-51.5,131.4,292.1,
13/02/2023 20:19:11.027,17876,JAVI    @EA54C6,11554,EB023408B10F,74.7,210.0,401.7,
13/02/2023 20:19:11.079,17928,JAVI    @EA54C6,11560,AAFD020BC70F,-59.8,281.8,403.9,
13/02/2023 20:19:11.117,17966,JAVI    @EA54C6,11567,6AF9CC06200A,-168.6,174.0,259.2,
13/02/2023 20:19:11.215,18064,JAVI    @EA54C6,11573,CCFFEFFEDDFE,-5.2,-27.3,-29.1,
13/02/2023 20:19:11.252,18101,JAVI    @EA54C6,11579,08FCC4F85AEE,-101.6,-185.2,-451.8,
13/02/2023 20:19:11.289,18138,JAVI    @EA54C6,11585,9CF925FB42F6,-163.6,-124.3,-249.4,
13/02/2023 20:19:11.335,18184,JAVI    @EA54C6,11592,E2042DFD4BFC,125.0,-72.3,-94.9,
13/02/2023 20:19:11.381,18230,JAVI    @EA54C6,11598,55FE2DFD69FE,-42.7,-72.3,-40.7,
13/02/2023 20:19:11.425,18274,JAVI    @EA54C6,11604,BE04D0FD09FE,121.4,-56.0,-50.3,
13/02/2023 20:19:11.470,18319,JAVI    @EA54C6,11610,E9F858FB74F8,-181.5,-119.2,-193.2,
13/02/2023 20:19:11.519,18368,JAVI    @EA54C6,11617,D90044FBE6F4,21.7,-121.2,-284.2,
13/02/2023 20:19:11.562,18411,JAVI    @EA54C6,11623,450883FC3EFA,211.7,-89.3,-147.4,
13/02/2023 20:19:11.654,18503,JAVI    @EA54C6,11629,25FCCEFF6B00,-98.7,-5.0,10.7,
13/02/2023 20:19:11.695,18544,JAVI    @EA54C6,11635,73FB84031C08,-116.5,90.0,207.6,
13/02/2023 20:19:11.740,18589,JAVI    @EA54C6,11642,5AFF5E067E0E,-16.6,163.0,371.0,
13/02/2023 20:19:11.786,18635,JAVI    @EA54C6,11648,BA00090A1E10,18.6,256.9,412.6,
13/02/2023 20:19:11.830,18679,JAVI    @EA54C6,11654,DFF63B09250B,-233.7,236.3,285.3,
13/02/2023 20:19:11.876,18725,JAVI    @EA54C6,11660,56008D000201,8.6,14.1,25.8,
13/02/2023 20:19:11.920,18769,JAVI    @EA54C6,11667,CFFFAAFEB2FA,-4.9,-34.2,-135.8,
13/02/2023 20:19:11.966,18815,JAVI    @EA54C6,11673,B80BF2FBB6F8,300.0,-103.8,-186.6,
13/02/2023 20:19:12.012,18861,JAVI    @EA54C6,11679,7F025DFC21F8,63.9,-93.1,-201.5,
13/02/2023 20:19:12.110,18959,JAVI    @EA54C6,11685,67005EFD5DFC,10.3,-67.4,-93.1,
13/02/2023 20:19:12.160,19009,JAVI    @EA54C6,11692,5FFE9CFD66FE,-41.7,-61.2,-41.0,
13/02/2023 20:19:12.191,19040,JAVI    @EA54C6,11698,6806E5FD57FD,164.0,-53.9,-68.1,
13/02/2023 20:19:12.237,19086,JAVI    @EA54C6,11704,80F9A6FA0BF4,-166.4,-137.0,-306.1,
13/02/2023 20:19:12.281,19130,JAVI    @EA54C6,11710,6C0AC9FA00F7,266.8,-133.5,-230.4,
13/02/2023 20:19:12.327,19176,JAVI    @EA54C6,11717,7EFFF6FD12FC,-13.0,-52.2,-100.6,
13/02/2023 20:19:12.372,19221,JAVI    @EA54C6,11723,EDF9D9010A04,-155.5,47.3,103.4,
13/02/2023 20:19:12.415,19264,JAVI    @EA54C6,11729,E2FC5B05A60B,-79.8,137.1,298.2,
13/02/2023 20:19:12.462,19311,JAVI    @EA54C6,11735,4503F8074E10,83.7,204.0,417.4,
13/02/2023 20:19:12.552,19401,JAVI    @EA54C6,11742,14FF440BF60D,-23.6,288.4,357.4,
13/02/2023 20:19:12.595,19444,JAVI    @EA54C6,11748,94FC0904EB06,-87.6,103.3,177.1,
13/02/2023 20:19:12.641,19490,JAVI    @EA54C6,11754,1BFE24FE08FD,-48.5,-47.6,-76.0,
13/02/2023 20:19:12.685,19534,JAVI    @EA54C6,11760,1116C4F908F9,564.9,-159.6,-178.4,
13/02/2023 20:19:12.730,19579,JAVI    @EA54C6,11767,76FA2FFBE3F5,-141.8,-123.3,-258.9,
13/02/2023 20:19:12.777,19626,JAVI    @EA54C6,11773,840283FD85FC,64.4,-63.7,-89.1,
13/02/2023 20:19:12.822,19671,JAVI    @EA54C6,11779,A0FE59FD3AFE,-35.2,-67.9,-45.4,
13/02/2023 20:19:12.866,19715,JAVI    @EA54C6,11785,8604F2FD17FE,115.8,-52.6,-48.9,
13/02/2023 20:19:12.912,19761,JAVI    @EA54C6,11792,A3F8F7FAFDF6,-188.5,-128.9,-230.7,
13/02/2023 20:19:13.007,19856,JAVI    @EA54C6,11798,450666FB41F6,160.5,-117.8,-249.5,
13/02/2023 20:19:13.091,19940,JAVI    @EA54C6,11804,1C067CFDA2FB,156.4,-64.4,-111.8,
13/02/2023 20:19:13.095,19944,JAVI    @EA54C6,11810,A4FAC2000002,-137.2,19.4,51.2,
13/02/2023 20:19:13.136,19985,JAVI    @EA54C6,11817,07FC0A04C709,-101.7,103.4,250.3,
13/02/2023 20:19:13.180,20029,JAVI    @EA54C6,11823,3302BE065D0F,56.3,172.6,393.3,
13/02/2023 20:19:13.226,20075,JAVI    @EA54C6,11829,9D01450AE80F,41.3,262.9,407.2,
13/02/2023 20:19:13.276,20125,JAVI    @EA54C6,11835,3FF89008340B,-198.5,219.2,286.8,
13/02/2023 20:19:13.316,20165,JAVI    @EA54C6,11842,5300C1FE00FF,8.3,-31.9,-25.6,
13/02/2023 20:19:13.360,20209,JAVI    @EA54C6,11848,2BF451FE66EE,-302.9,-43.1,-450.6,
13/02/2023 20:19:13.459,20308,JAVI    @EA54C6,11854,D0FE07FC71F7,-30.4,-101.7,-219.1,
13/02/2023 20:19:13.503,20352,JAVI    @EA54C6,11860,8E0424FDD4FB,116.6,-73.2,-106.8,
13/02/2023 20:19:13.539,20388,JAVI    @EA54C6,11867,47FF13FDFFFD,-18.5,-74.9,-51.3,
13/02/2023 20:19:13.586,20435,JAVI    @EA54C6,11873,CE027CFD6DFE,71.8,-64.4,-40.3,
13/02/2023 20:19:13.630,20479,JAVI    @EA54C6,11879,97FD29FC36FB,-61.7,-98.3,-122.6,
13/02/2023 20:19:13.674,20523,JAVI    @EA54C6,11885,70FDF1FAF4F4,-65.6,-129.5,-282.8,
13/02/2023 20:19:13.722,20571,JAVI    @EA54C6,11892,6409E6FB8EF9,240.4,-105.0,-165.0,
13/02/2023 20:19:13.765,20614,JAVI    @EA54C6,11898,15FC25FF54FF,-100.3,-21.9,-17.2,
13/02/2023 20:19:13.810,20659,JAVI    @EA54C6,11904,80FBA9022B07,-115.2,68.1,183.5,
13/02/2023 20:19:13.911,20760,JAVI    @EA54C6,11910,DAFE5205A30D,-29.4,136.2,349.1,
13/02/2023 20:19:13.952,20801,JAVI    @EA54C6,11917,EB00B8083910,23.5,223.2,415.3,
13/02/2023 20:19:13.993,20842,JAVI    @EA54C6,11923,E5FB300AAA0D,-105.1,260.8,349.8,
13/02/2023 20:19:14.035,20884,JAVI    @EA54C6,11929,60043E02CA05,112.0,57.4,148.2,
13/02/2023 20:19:14.080,20929,JAVI    @EA54C6,11935,F8FA67FF37F7,-128.8,-15.3,-224.9,
13/02/2023 20:19:14.127,20976,JAVI    @EA54C6,11942,B4095AFB44F5,248.4,-119.0,-274.8,
13/02/2023 20:19:14.173,21022,JAVI    @EA54C6,11948,08045AFD0FFA,103.2,-67.8,-152.1,
13/02/2023 20:19:14.216,21065,JAVI    @EA54C6,11954,74FF7FFD35FD,-14.0,-64.1,-71.5,
13/02/2023 20:19:14.263,21112,JAVI    @EA54C6,11960,D500A3FD4AFE,21.3,-60.5,-43.8,
13/02/2023 20:19:14.367,21216,JAVI    @EA54C6,11967,6C04E9FDCAFD,113.2,-53.5,-56.6,
13/02/2023 20:19:14.396,21245,JAVI    @EA54C6,11973,8BF962FBDBF5,-165.3,-118.2,-259.7,
13/02/2023 20:19:14.441,21290,JAVI    @EA54C6,11979,9E0987FB15F8,246.2,-114.5,-202.7,
13/02/2023 20:19:14.534,21383,JAVI    @EA54C6,11985,68FEB1FEDFFD,-40.8,-33.5,-54.5,
13/02/2023 20:19:14.538,21387,JAVI    @EA54C6,11992,41FB6A023404,-121.5,61.8,107.6,
13/02/2023 20:19:14.576,21425,JAVI    @EA54C6,11998,ABFD7105A60B,-59.7,139.3,298.2,
13/02/2023 20:19:14.619,21468,JAVI    @EA54C6,12004,77014A08CC0F,37.5,212.2,404.4,
13/02/2023 20:19:14.678,21527,JAVI    @EA54C6,12010,A0FE670A9F0E,-35.2,266.3,374.3,
13/02/2023 20:19:14.716,21565,JAVI    @EA54C6,12017,C9FEC6042707,-31.1,122.2,183.1,
13/02/2023 20:19:14.814,21663,JAVI    @EA54C6,12023,E9FC03FE98FB,-79.1,-50.9,-112.8,
13/02/2023 20:19:14.846,21695,JAVI    @EA54C6,12029,F8FA350294F9,-128.8,56.5,-164.4,
13/02/2023 20:19:14.894,21743,JAVI    @EA54C6,12035,D3FCCFFCCFF6,-81.3,-81.7,-235.3,
13/02/2023 20:19:14.937,21786,JAVI    @EA54C6,12042,1603B4FDC6FB,79.0,-58.8,-108.2,
13/02/2023 20:19:14.981,21830,JAVI    @EA54C6,12048,27008EFD8FFE,3.9,-62.6,-36.9,
13/02/2023 20:19:15.026,21875,JAVI    @EA54C6,12054,1B03DDFD1DFE,79.5,-54.7,-48.3,
13/02/2023 20:19:15.071,21920,JAVI    @EA54C6,12060,C0FD30FCC9F9,-57.6,-97.6,-159.1,
13/02/2023 20:19:15.116,21965,JAVI    @EA54C6,12067,FE00F5FA1AF4,25.4,-129.1,-304.6,
13/02/2023 20:19:15.161,22010,JAVI    @EA54C6,12073,4B0C75FB90F9,314.7,-116.3,-164.8,
13/02/2023 20:19:15.254,22103,JAVI    @EA54C6,12079,E0FBF3FFB8FF,-105.6,-1.3,-7.2,
13/02/2023 20:19:15.298,22147,JAVI    @EA54C6,12085,CDFC8A041109,-81.9,116.2,232.1,
13/02/2023 20:19:15.341,22190,JAVI    @EA54C6,12092,12025F07720E,53.0,188.7,369.8,
13/02/2023 20:19:15.387,22236,JAVI    @EA54C6,12098,BBFCC60A1C0F,-83.7,275.8,386.8,
13/02/2023 20:19:15.430,22279,JAVI    @EA54C6,12104,F5F68F08520B,-231.5,219.1,289.8,
13/02/2023 20:19:15.478,22327,JAVI    @EA54C6,12110,3D030D008E01,82.9,1.3,39.8,
13/02/2023 20:19:15.522,22371,JAVI    @EA54C6,12117,46F8C1002CF8,-197.8,19.3,-200.4,
13/02/2023 20:19:15.565,22414,JAVI    @EA54C6,12123,920876FA68F6,219.4,-141.8,-245.6,
13/02/2023 20:19:15.612,22461,JAVI    @EA54C6,12129,D70475FDD0FB,123.9,-65.1,-107.2,
13/02/2023 20:19:15.709,22558,JAVI    @EA54C6,12135,73FF60FD5CFE,-14.1,-67.2,-42.0,
13/02/2023 20:19:15.748,22597,JAVI    @EA54C6,12142,24029BFD30FE,54.8,-61.3,-46.4,
13/02/2023 20:19:15.789,22638,JAVI    @EA54C6,12148,1F018AFCD8FB,28.7,-88.6,-106.4,
13/02/2023 20:19:15.836,22685,JAVI    @EA54C6,12154,B8FD68FAE1F4,-58.4,-143.2,-284.7,
13/02/2023 20:19:15.882,22731,JAVI    @EA54C6,12160,AC0B92FAD9F7,298.8,-139.0,-208.7,
13/02/2023 20:19:15.925,22774,JAVI    @EA54C6,12167,06FCCCFE4FFD,-101.8,-30.8,-68.9,
13/02/2023 20:19:16.023,22872,JAVI    @EA54C6,12173,6BFB45034205,-117.3,83.7,134.6,
13/02/2023 20:19:16.026,22875,JAVI    @EA54C6,12179,5DFF2907AE0D,-16.3,183.3,350.2,
13/02/2023 20:19:16.070,22919,JAVI    @EA54C6,12185,C201950A9810,45.0,270.9,424.8,
13/02/2023 20:19:16.156,23005,JAVI    @EA54C6,12192,1DF9A10A870D,-176.3,272.1,346.3,
13/02/2023 20:19:16.197,23046,JAVI    @EA54C6,12198,0AFF8A01E204,-24.6,39.4,125.0,
13/02/2023 20:19:16.241,23090,JAVI    @EA54C6,12204,0EFB7FFE6FFA,-126.6,-38.5,-142.5,
13/02/2023 20:19:16.288,23137,JAVI    @EA54C6,12210,20FC77F597EE,-99.2,-269.7,-445.7,
13/02/2023 20:19:16.332,23181,JAVI    @EA54C6,12217,A8F9E5FB83F5,-162.4,-105.1,-268.5,
13/02/2023 20:19:16.378,23227,JAVI    @EA54C6,12223,3503B1FDD7FB,82.1,-59.1,-106.5,
13/02/2023 20:19:16.419,23268,JAVI    @EA54C6,12229,A8FE9DFDA6FD,-34.4,-61.1,-60.2,
13/02/2023 20:19:16.463,23312,JAVI    @EA54C6,12235,14061BFE3FFD,155.6,-48.5,-70.5,
13/02/2023 20:19:16.509,23358,JAVI    @EA54C6,12242,CEFBA4FBA4F6,-107.4,-111.6,-239.6,
13/02/2023 20:19:16.599,23448,JAVI    @EA54C6,12248,6B03E8FA6BF4,87.5,-130.4,-296.5,
13/02/2023 20:19:16.643,23492,JAVI    @EA54C6,12254,6407F5FC3CFB,189.2,-77.9,-122.0,
13/02/2023 20:19:16.689,23538,JAVI    @EA54C6,12260,09FB1A015402,-127.1,28.2,59.6,
13/02/2023 20:19:16.734,23583,JAVI    @EA54C6,12267,E3FC3D05760A,-79.7,134.1,267.8,
13/02/2023 20:19:16.787,23636,JAVI    @EA54C6,12273,8D011F08AC0F,39.7,207.9,401.2,
13/02/2023 20:19:16.824,23673,JAVI    @EA54C6,12279,F7FD220B2F10,-52.1,285.0,414.3,
13/02/2023 20:19:16.867,23716,JAVI    @EA54C6,12285,6AFA5E06F609,-143.0,163.0,255.0,
13/02/2023 20:19:16.914,23763,JAVI    @EA54C6,12292,08FEFBFE3AFE,-50.4,-26.1,-45.4,
13/02/2023 20:19:16.961,23810,JAVI    @EA54C6,12298,A4F4A2FFA1EE,-290.8,-9.4,-444.7,
13/02/2023 20:19:17.048,23897,JAVI    @EA54C6,12304,9EFBA5FC97F6,-112.2,-85.9,-240.9,
13/02/2023 20:19:17.094,23943,JAVI    @EA54C6,12310,C806CAFD10FC,173.6,-56.6,-100.8,
13/02/2023 20:19:17.140,23989,JAVI    @EA54C6,12317,FAFD34FD8FFD,-51.8,-71.6,-62.5,
13/02/2023 20:19:17.183,24032,JAVI    @EA54C6,12323,2901D9FD33FE,29.7,-55.1,-46.1,
13/02/2023 20:19:17.230,24079,JAVI    @EA54C6,12329,30020AFD2DFB,56.0,-75.8,-123.5,
13/02/2023 20:19:17.273,24122,JAVI    @EA54C6,12335,6AFE2EFB21F5,-40.6,-123.4,-278.3,
13/02/2023 20:19:17.364,24213,JAVI    @EA54C6,12342,920A42FB7EF9,270.6,-121.4,-166.6,
13/02/2023 20:19:17.365,24214,JAVI    @EA54C6,12348,11FAE8FE47FE,-151.9,-28.0,-44.1,
13/02/2023 20:19:17.409,24258,JAVI    @EA54C6,12354,A4FA86027806,-137.2,64.6,165.6,
13/02/2023 20:19:17.498,24347,JAVI    @EA54C6,12360,FC0052054F0D,25.2,136.2,340.7,
13/02/2023 20:19:17.544,24393,JAVI    @EA54C6,12367,48010C09C20F,32.8,231.6,403.4,
13/02/2023 20:19:17.590,24439,JAVI    @EA54C6,12373,3BF9DA08750C,-173.3,226.6,318.9,
13/02/2023 20:19:17.635,24484,JAVI    @EA54C6,12379,FE032C019003,102.2,30.0,91.2,
13/02/2023 20:19:17.679,24528,JAVI    @EA54C6,12385,0FFF57FE4FFB,-24.1,-42.5,-120.1,
13/02/2023 20:19:17.724,24573,JAVI    @EA54C6,12392,84074AF546F5,192.4,-274.2,-274.6,
13/02/2023 20:19:17.770,24619,JAVI    @EA54C6,12398,46F9FAFA9DF5,-172.2,-128.6,-265.9,
13/02/2023 20:19:17.819,24668,JAVI    @EA54C6,12404,4502A9FDBDFB,58.1,-59.9,-109.1,
13/02/2023 20:19:17.865,24714,JAVI    @EA54C6,12410,11FE12FE1BFE,-49.5,-49.4,-48.5,
13/02/2023 20:19:17.964,24813,JAVI    @EA54C6,12417,4A04CAFE25FE,109.8,-31.0,-47.5,
13/02/2023 20:19:18.006,24855,JAVI    @EA54C6,12423,3BF931FBDAF6,-173.3,-123.1,-234.2,
13/02/2023 20:19:18.039,24888,JAVI    @EA54C6,12429,BB049BFA1EF4,121.1,-138.1,-304.2,
13/02/2023 20:19:18.092,24941,JAVI    @EA54C6,12435,FD090DFBC0F9,255.7,-126.7,-160.0,
13/02/2023 20:19:18.130,24979,JAVI    @EA54C6,12442,A4F9FCFE76FF,-162.8,-26.0,-13.8,
13/02/2023 20:19:18.180,25029,JAVI    @EA54C6,12448,18FD4503EB07,-74.4,83.7,202.7,
13/02/2023 20:19:18.223,25072,JAVI    @EA54C6,12454,18020006570E,53.6,153.6,367.1,
13/02/2023 20:19:18.265,25114,JAVI    @EA54C6,12460,7DFEE7095C10,-38.7,253.5,418.8,
13/02/2023 20:19:18.310,25159,JAVI    @EA54C6,12467,68FA9A09330E,-143.2,245.8,363.5,
13/02/2023 20:19:18.408,25257,JAVI    @EA54C6,12473,E601AF010004,48.6,43.1,102.4,
13/02/2023 20:19:18.445,25294,JAVI    @EA54C6,12479,5D0005FFA0FB,9.3,-25.1,-112.0,
13/02/2023 20:19:18.504,25353,JAVI    @EA54C6,12485,480E4AFB07F9,365.6,-120.6,-178.5,
13/02/2023 20:19:18.540,25389,JAVI    @EA54C6,12492,040002FCD1F7,0.4,-102.2,-209.5,
13/02/2023 20:19:18.582,25431,JAVI    @EA54C6,12498,7900B2FDD8FB,12.1,-59.0,-106.4,
13/02/2023 20:19:18.628,25477,JAVI    @EA54C6,12504,1CFF82FDA2FD,-22.8,-63.8,-60.6,
13/02/2023 20:19:18.668,25517,JAVI    @EA54C6,12510,6E05B1FE5AFE,139.0,-33.5,-42.2,
13/02/2023 20:19:18.715,25564,JAVI    @EA54C6,12517,75F93CFC1BF9,-167.5,-96.4,-176.5,
13/02/2023 20:19:18.765,25613,JAVI    @EA54C6,12523,6A05A3FAE6F4,138.6,-137.3,-284.2,
13/02/2023 20:19:18.864,25713,JAVI    @EA54C6,12529,DE08AAFBA6F9,227.0,-111.0,-162.6,
13/02/2023 20:19:18.896,25745,JAVI    @EA54C6,12535,FDFAF0FFE200,-128.3,-1.6,22.6,
13/02/2023 20:19:18.941,25790,JAVI    @EA54C6,12542,F0FB4A044909,-104.0,109.8,237.7,
13/02/2023 20:19:18.986,25835,JAVI    @EA54C6,12548,05011307670F,26.1,181.1,394.3,
13/02/2023 20:19:19.032,25881,JAVI    @EA54C6,12554,BEFEBA0AAC10,-32.2,274.6,426.8,
13/02/2023 20:19:19.074,25923,JAVI    @EA54C6,12560,D5F776099A0C,-209.1,242.2,322.6,
13/02/2023 20:19:19.122,25971,JAVI    @EA54C6,12567,D403D1006800,98.0,20.9,10.4,
13/02/2023 20:19:19.166,26015,JAVI    @EA54C6,12573,80F522021EF1,-268.8,54.6,-381.0,
13/02/2023 20:19:19.210,26059,JAVI    @EA54C6,12579,72014BFC7FF6,37.0,-94.9,-243.3,
13/02/2023 20:19:19.317,26166,JAVI    @EA54C6,12585,1F04AFFDE1FA,105.5,-59.3,-131.1,
13/02/2023 20:19:19.355,26204,JAVI    @EA54C6,12592,5FFFD1FD14FE,-16.1,-55.9,-49.2,
13/02/2023 20:19:19.396,26245,JAVI    @EA54C6,12598,3A0000FE5BFE,5.8,-51.2,-42.1,
13/02/2023 20:19:19.436,26285,JAVI    @EA54C6,12604,8004C7FDE8FC,115.2,-56.9,-79.2,
13/02/2023 20:19:19.481,26330,JAVI    @EA54C6,12610,6DFCE8FA6CF5,-91.5,-130.4,-270.8,
13/02/2023 20:19:19.526,26375,JAVI    @EA54C6,12617,610A58FA3DF8,265.7,-144.8,-198.7,
13/02/2023 20:19:19.570,26419,JAVI    @EA54C6,12623,A8FC6FFEC7FC,-85.6,-40.1,-82.5,
13/02/2023 20:19:19.616,26465,JAVI    @EA54C6,12629,BEFB4E020A05,-109.0,59.0,129.0,
13/02/2023 20:19:19.662,26511,JAVI    @EA54C6,12635,A1FE0906520C,-35.1,154.5,315.4,
13/02/2023 20:19:19.759,26608,JAVI    @EA54C6,12642,6D0240091910,62.1,236.8,412.1,
13/02/2023 20:19:19.796,26645,JAVI    @EA54C6,12648,0BFB050B6C0F,-126.9,282.1,394.8,
13/02/2023 20:19:19.841,26690,JAVI    @EA54C6,12654,2FFC26057409,-97.7,131.8,242.0,
13/02/2023 20:19:19.885,26734,JAVI    @EA54C6,12660,4BFDC4FEA8FD,-69.3,-31.6,-60.0,
13/02/2023 20:19:19.933,26782,JAVI    @EA54C6,12667,5404B1F41EF2,110.8,-289.5,-355.4,
13/02/2023 20:19:19.976,26825,JAVI    @EA54C6,12673,76F78EFB00F5,-218.6,-113.8,-281.6,
13/02/2023 20:19:20.020,26869,JAVI    @EA54C6,12679,1A0442FDC2FB,105.0,-70.2,-108.6,
13/02/2023 20:19:20.123,26972,JAVI    @EA54C6,12685,E1FEA6FDA3FE,-28.7,-60.2,-34.9,
13/02/2023 20:19:20.131,26980,JAVI    @EA54C6,12692,5E0295FE40FE,60.6,-36.3,-44.8,
13/02/2023 20:19:20.202,27051,JAVI    @EA54C6,12698,310359FD41FC,81.7,-67.9,-95.9,
13/02/2023 20:19:20.246,27095,JAVI    @EA54C6,12704,12FC22FBB9F4,-100.6,-124.6,-288.7,
13/02/2023 20:19:20.290,27139,JAVI    @EA54C6,12710,B20B1EFBD4F8,299.4,-125.0,-183.6,
13/02/2023 20:19:20.336,27186,JAVI    @EA54C6,12717,49FBF2FE58FF,-120.7,-27.0,-16.8,
13/02/2023 20:19:20.379,27228,JAVI    @EA54C6,12723,5FFCF9021407,-92.9,76.1,181.2,
13/02/2023 20:19:20.426,27275,JAVI    @EA54C6,12729,15010C068B0D,27.7,154.8,346.7,
13/02/2023 20:19:20.470,27319,JAVI    @EA54C6,12735,A7FF1D092C10,-8.9,233.3,414.0,
13/02/2023 20:19:20.515,27364,JAVI    @EA54C6,12742,F3F9CE086A0D,-154.9,225.4,343.4,
13/02/2023 20:19:20.562,27411,JAVI    @EA54C6,12748,AF00D8010304,17.5,47.2,102.7,
13/02/2023 20:19:20.606,27455,JAVI    @EA54C6,12754,950146FE0AFC,40.5,-44.2,-101.4,
13/02/2023 20:19:20.700,27549,JAVI    @EA54C6,12760,C10D40F97EF8,352.1,-172.8,-192.2,
13/02/2023 20:19:20.741,27590,JAVI    @EA54C6,12767,F00041FC35F8,24.0,-95.9,-199.5,
13/02/2023 20:19:20.785,27634,JAVI    @EA54C6,12773,DCFF26FD2DFD,-3.6,-73.0,-72.3,
13/02/2023 20:19:20.835,27684,JAVI    @EA54C6,12779,9BFF54FD6AFE,-10.1,-68.4,-40.6,
13/02/2023 20:19:20.880,27729,JAVI    @EA54C6,12785,DF04A0FDA6FD,124.7,-60.8,-60.2,
13/02/2023 20:19:20.919,27768,JAVI    @EA54C6,12792,9AF92FFBB7F6,-163.8,-123.3,-237.7,
13/02/2023 20:19:20.966,27815,JAVI    @EA54C6,12798,86053DFB92F6,141.4,-121.9,-241.4,
13/02/2023 20:19:21.008,27857,JAVI    @EA54C6,12804,92046EFD03FB,117.0,-65.8,-127.7,
13/02/2023 20:19:21.054,27903,JAVI    @EA54C6,12810,5BFA8E002203,-144.5,14.2,80.2,
13/02/2023 20:19:21.205,28055,JAVI    @EA54C6,12817,95FE2A04C30A,-36.3,106.6,275.5,
13/02/2023 20:19:21.214,28063,JAVI    @EA54C6,12823,0602AE07310F,51.8,196.6,388.9,
13/02/2023 20:19:21.236,28085,JAVI    @EA54C6,12829,ECFB480A930F,-104.4,263.2,398.7,
13/02/2023 20:19:21.279,28128,JAVI    @EA54C6,12835,9AF69A06270A,-240.6,169.0,259.9,
13/02/2023 20:19:21.324,28173,JAVI    @EA54C6,12842,0A0225FF8EFE,52.2,-21.9,-37.0,
13/02/2023 20:19:21.370,28219,JAVI    @EA54C6,12848,76FDA6002CF8,-65.0,16.6,-200.4,
13/02/2023 20:19:21.419,28268,JAVI    @EA54C6,12854,6306B7FA7EF7,163.5,-135.3,-217.8,
13/02/2023 20:19:21.461,28310,JAVI    @EA54C6,12860,6302BFFCA1FA,61.1,-83.3,-137.5,
13/02/2023 20:19:21.506,28355,JAVI    @EA54C6,12867,A3FE52FD39FE,-34.9,-68.6,-45.5,
13/02/2023 20:19:21.604,28453,JAVI    @EA54C6,12873,0B00C9FDF9FD,1.1,-56.7,-51.9,
13/02/2023 20:19:21.640,28489,JAVI    @EA54C6,12879,0F02EDFCB3FB,52.7,-78.7,-110.1,
13/02/2023 20:19:21.686,28535,JAVI    @EA54C6,12885,FEFBC5FA7BF5,-102.6,-133.9,-269.3,
13/02/2023 20:19:21.730,28579,JAVI    @EA54C6,12892,230B89FB73F9,285.1,-114.3,-167.7,
13/02/2023 20:19:21.776,28625,JAVI    @EA54C6,12898,32FC84FE02FE,-97.4,-38.0,-51.0,
13/02/2023 20:19:21.821,28670,JAVI    @EA54C6,12904,21FCDF022505,-99.1,73.5,131.7,
13/02/2023 20:19:21.874,28723,JAVI    @EA54C6,12910,4800ED06540D,7.2,177.3,341.2,
13/02/2023 20:19:21.910,28759,JAVI    @EA54C6,12917,A3FFBF0AD20F,-9.3,275.1,405.0,
13/02/2023 20:19:21.961,28810,JAVI    @EA54C6,12923,0EFBF30A320D,-126.6,280.3,337.8,
13/02/2023 20:19:22.056,28905,JAVI    @EA54C6,12929,15015F022F05,27.7,60.7,132.7,
13/02/2023 20:19:22.090,28939,JAVI    @EA54C6,12935,78FA12FFA7FA,-141.6,-23.8,-136.9,
13/02/2023 20:19:22.137,28986,JAVI    @EA54C6,12942,AA11E6F9FEF7,452.2,-156.2,-205.0,
13/02/2023 20:19:22.185,29034,JAVI    @EA54C6,12948,44FF49FC47F7,-18.8,-95.1,-223.3,
13/02/2023 20:19:22.230,29079,JAVI    @EA54C6,12954,A9009DFD55FB,16.9,-61.1,-119.5,
13/02/2023 20:19:22.281,29130,JAVI    @EA54C6,12960,7DFDB7FD66FE,-64.3,-58.5,-41.0,
13/02/2023 20:19:22.316,29165,JAVI    @EA54C6,12967,A80323FEE2FD,93.6,-47.7,-54.2,
13/02/2023 20:19:22.367,29216,JAVI    @EA54C6,12973,66FE15FC2CF8,-41.0,-100.3,-200.4,
13/02/2023 20:19:22.407,29256,JAVI    @EA54C6,12979,1B0346FA1BF4,79.5,-146.6,-304.5,
13/02/2023 20:19:22.499,29348,JAVI    @EA54C6,12985,060635FCD9F9,154.2,-97.1,-157.5,
13/02/2023 20:19:22.544,29392,JAVI    @EA54C6,12992,F7FA3F0090FF,-128.9,6.3,-11.2,
13/02/2023 20:19:22.587,29436,JAVI    @EA54C6,12998,E2FF5B040C08,-3.0,111.5,206.0,
13/02/2023 20:19:22.629,29478,JAVI    @EA54C6,13004,A30310087D0D,93.1,206.4,345.3,
13/02/2023 20:19:22.678,29527,JAVI    @EA54C6,13010,61FA570B850F,-143.9,290.3,397.3,
13/02/2023 20:19:22.720,29569,JAVI    @EA54C6,13017,01F7F907590C,-230.3,204.1,316.1,
13/02/2023 20:19:22.765,29614,JAVI    @EA54C6,13023,AA0315002702,93.8,2.1,55.1,
13/02/2023 20:19:22.810,29659,JAVI    @EA54C6,13029,4CFA8C0087F8,-146.0,14.0,-191.3,
13/02/2023 20:19:22.855,29704,JAVI    @EA54C6,13035,9A0771FA1AF6,194.6,-142.3,-253.4,
13/02/2023 20:19:22.944,29793,JAVI    @EA54C6,13042,0A086DFDFDFA,205.8,-65.9,-128.3,
13/02/2023 20:19:22.991,29840,JAVI    @EA54C6,13048,E4FF75FD1BFD,-2.8,-65.1,-74.1,
13/02/2023 20:19:23.040,29889,JAVI    @EA54C6,13054,EAFEE7FD9FFE,-27.8,-53.7,-35.3,
13/02/2023 20:19:23.078,29927,JAVI    @EA54C6,13060,CD0344FDE5FC,97.3,-70.0,-79.5,
13/02/2023 20:19:23.123,29972,JAVI    @EA54C6,13067,65FA18FB4BF6,-143.5,-125.6,-248.5,
13/02/2023 20:19:23.216,30065,JAVI    @EA54C6,13073,E60725FB6FF7,202.2,-124.3,-219.3,
13/02/2023 20:19:23.218,30067,JAVI    @EA54C6,13079,420134FDBCFB,32.2,-71.6,-109.2,
13/02/2023 20:19:23.260,30109,JAVI    @EA54C6,13085,ADFCA1010102,-85.1,41.7,51.3,
13/02/2023 20:19:23.305,30154,JAVI    @EA54C6,13092,A20200062C0A,67.4,153.6,260.4,
13/02/2023 20:19:23.394,30243,JAVI    @EA54C6,13098,CAFF6609C50D,-5.4,240.6,352.5,
13/02/2023 20:19:23.441,30290,JAVI    @EA54C6,13104,D2F67709AC0E,-235.0,242.3,375.6,
13/02/2023 20:19:23.494,30343,JAVI    @EA54C6,13110,DFFFE9037008,-3.3,100.1,216.0,
13/02/2023 20:19:23.532,30381,JAVI    @EA54C6,13117,4AFFCBFF0FFD,-18.2,-5.3,-75.3,
13/02/2023 20:19:23.580,30429,JAVI    @EA54C6,13123,1D1863F9D6F6,617.3,-169.3,-234.6,
13/02/2023 20:19:23.620,30469,JAVI    @EA54C6,13129,D10094FCB0F7,20.9,-87.6,-212.8,
13/02/2023 20:19:23.665,30514,JAVI    @EA54C6,13135,2E004DFDD6FB,4.6,-69.1,-106.6,
13/02/2023 20:19:23.711,30560,JAVI    @EA54C6,13142,F8FD55FD3BFE,-52.0,-68.3,-45.3,
13/02/2023 20:19:23.808,30657,JAVI    @EA54C6,13148,F00494FE5FFE,126.4,-36.4,-41.7,
13/02/2023 20:19:23.850,30699,JAVI    @EA54C6,13154,90FC93FB1CF8,-88.0,-113.3,-202.0,
13/02/2023 20:19:23.944,30793,JAVI    @EA54C6,13160,DAFFC5FA4DF5,-3.8,-133.9,-273.9,
13/02/2023 20:19:23.948,30797,JAVI    @EA54C6,13167,6C0578FC45FA,138.8,-90.4,-146.7,
13/02/2023 20:19:24.028,30877,JAVI    @EA54C6,13173,28FD97FF9E00,-72.8,-10.5,15.8,
13/02/2023 20:19:24.030,30879,JAVI    @EA54C6,13179,F3FDA8037408,-52.5,93.6,216.4,
13/02/2023 20:19:24.115,30964,JAVI    @EA54C6,13185,D7012B07890E,47.1,183.5,372.1,
13/02/2023 20:19:24.117,30966,JAVI    @EA54C6,13192,1FFF2F0BEE0F,-22.5,286.3,407.8,
13/02/2023 20:19:24.161,31010,JAVI    @EA54C6,13198,02FB59092B0D,-127.8,239.3,337.1,
13/02/2023 20:19:24.205,31054,JAVI    @EA54C6,13204,420058008301,6.6,8.8,38.7,
13/02/2023 20:19:24.308,31157,JAVI    @EA54C6,13210,02FF60FFCCFA,-25.4,-16.0,-133.2,
13/02/2023 20:19:24.342,31191,JAVI    @EA54C6,13217,9F0B50FA5BF5,297.5,-145.6,-272.5,
13/02/2023 20:19:24.384,31233,JAVI    @EA54C6,13223,7303F9FC83F9,88.3,-77.5,-166.1,
13/02/2023 20:19:24.432,31281,JAVI    @EA54C6,13229,E7FFCEFDC7FC,-2.5,-56.2,-82.5,
13/02/2023 20:19:24.477,31326,JAVI    @EA54C6,13235,AD00DFFDE5FD,17.3,-54.5,-53.9,
13/02/2023 20:19:24.518,31367,JAVI    @EA54C6,13242,E20404FE89FC,125.0,-50.8,-88.7,
13/02/2023 20:19:24.617,31466,JAVI    @EA54C6,13248,8FFDFEFBC6F5,-62.5,-102.6,-261.8,
13/02/2023 20:19:24.621,31470,JAVI    @EA54C6,13254,0309EAFB89F7,230.7,-104.6,-216.7,
13/02/2023 20:19:24.656,31505,JAVI    @EA54C6,13260,F90061FEDEFC,24.9,-41.5,-80.2,
13/02/2023 20:19:24.754,31603,JAVI    @EA54C6,13267,8BFB9603ED03,-114.1,91.8,100.5,
13/02/2023 20:19:24.788,31637,JAVI    @EA54C6,13273,0BFF08077B0B,-24.5,180.0,293.9,
13/02/2023 20:19:24.834,31683,JAVI    @EA54C6,13279,9500C509490F,14.9,250.1,391.3,
13/02/2023 20:19:24.879,31728,JAVI    @EA54C6,13285,0FFD540A920E,-75.3,264.4,373.0,
13/02/2023 20:19:24.925,31774,JAVI    @EA54C6,13292,47FE52041D08,-44.1,110.6,207.7,
13/02/2023 20:19:24.969,31818,JAVI    @EA54C6,13298,9CFE78FEEBFB,-35.6,-39.2,-104.5,
13/02/2023 20:19:25.015,31864,JAVI    @EA54C6,13304,4913BAF970F8,493.7,-160.6,-193.6,
13/02/2023 20:19:25.062,31911,JAVI    @EA54C6,13310,29FE8EFB2EF7,-47.1,-113.8,-225.8,
13/02/2023 20:19:25.112,31961,JAVI    @EA54C6,13317,E00070FDDEFB,22.4,-65.6,-105.8,
13/02/2023 20:19:25.207,32056,JAVI    @EA54C6,13323,45FEACFD29FE,-44.3,-59.6,-47.1,
13/02/2023 20:19:25.244,32093,JAVI    @EA54C6,13329,300486FE26FE,107.2,-37.8,-47.4,
13/02/2023 20:19:25.284,32133,JAVI    @EA54C6,13335,9500ADFC7BFA,14.9,-85.1,-141.3,
13/02/2023 20:19:25.330,32179,JAVI    @EA54C6,13342,C5004CFB3AF5,19.7,-120.4,-275.8,
13/02/2023 20:19:25.376,32225,JAVI    @EA54C6,13348,6908E4FC8EFA,215.3,-79.6,-139.4,
13/02/2023 20:19:25.423,32272,JAVI    @EA54C6,13354,A2FCC4004A00,-86.2,19.6,7.4,
13/02/2023 20:19:25.465,32314,JAVI    @EA54C6,13360,2FFDCC046507,-72.1,122.8,189.3,
13/02/2023 20:19:25.510,32359,JAVI    @EA54C6,13367,2701C8077A0D,29.5,199.2,345.0,
13/02/2023 20:19:25.557,32406,JAVI    @EA54C6,13373,E8FF090B6D0F,-2.4,282.5,394.9,
13/02/2023 20:19:25.663,32512,JAVI    @EA54C6,13379,68F9CE09540C,-168.8,251.0,315.6,
13/02/2023 20:19:25.691,32540,JAVI    @EA54C6,13385,EA01C500BA02,49.0,19.7,69.8,
13/02/2023 20:19:25.734,32583,JAVI    @EA54C6,13392,31F513019BF6,-276.7,27.5,-240.5,
13/02/2023 20:19:25.781,32630,JAVI    @EA54C6,13398,69FB6EFB37F7,-117.5,-117.0,-224.9,
13/02/2023 20:19:25.825,32674,JAVI    @EA54C6,13404,DD069CFD3CFC,175.7,-61.2,-96.4,
13/02/2023 20:19:25.871,32720,JAVI    @EA54C6,13410,51FF88FD27FE,-17.5,-63.2,-47.3,
13/02/2023 20:19:25.916,32765,JAVI    @EA54C6,13417,10FF9DFD71FE,-24.0,-61.1,-39.9,
13/02/2023 20:19:25.963,32812,JAVI    @EA54C6,13423,B20465FD91FC,120.2,-66.7,-87.9,
13/02/2023 20:19:26.005,32854,JAVI    @EA54C6,13429,76FCC3FAD6F5,-90.6,-134.1,-260.2,
13/02/2023 20:19:26.104,32953,JAVI    @EA54C6,13435,FD08DFFB09F8,230.1,-105.7,-203.9,
13/02/2023 20:19:26.151,33000,JAVI    @EA54C6,13442,6DFFF2FEC4FC,-14.7,-27.0,-82.8,
13/02/2023 20:19:26.192,33041,JAVI    @EA54C6,13448,37FD16036D04,-71.3,79.0,113.3,
13/02/2023 20:19:26.231,33080,JAVI    @EA54C6,13454,E8FE72069E0B,-28.0,165.0,297.4,
13/02/2023 20:19:26.276,33125,JAVI    @EA54C6,13460,54004509110F,8.4,237.3,385.7,
13/02/2023 20:19:26.322,33171,JAVI    @EA54C6,13467,9CFC410A0B0F,-86.8,262.5,385.1,
13/02/2023 20:19:26.364,33213,JAVI    @EA54C6,13473,94FCEE049C08,-87.6,126.2,220.4,
13/02/2023 20:19:26.410,33259,JAVI    @EA54C6,13479,66FC69FF15FC,-92.2,-15.1,-100.3,
13/02/2023 20:19:26.455,33304,JAVI    @EA54C6,13485,D40EFBF882F5,379.6,-179.7,-268.6,
13/02/2023 20:19:26.554,33403,JAVI    @EA54C6,13492,4D0098FC30F9,7.7,-87.2,-174.4,
13/02/2023 20:19:26.593,33442,JAVI    @EA54C6,13498,DE003CFD30FC,22.2,-70.8,-97.6,
13/02/2023 20:19:26.636,33485,JAVI    @EA54C6,13504,10FFC0FD16FE,-24.0,-57.6,-49.0,
13/02/2023 20:19:26.681,33530,JAVI    @EA54C6,13510,E00430FEC0FD,124.8,-46.4,-57.6,
13/02/2023 20:19:26.725,33574,JAVI    @EA54C6,13517,E5FD73FC6CF9,-53.9,-90.9,-168.4,
13/02/2023 20:19:26.768,33617,JAVI    @EA54C6,13523,DD03D8FB63F6,98.9,-106.4,-246.1,
13/02/2023 20:19:26.819,33668,JAVI    @EA54C6,13529,4307E5FCEAFA,185.9,-79.5,-130.2,
13/02/2023 20:19:26.860,33709,JAVI    @EA54C6,13535,2EFA26000101,-149.0,3.8,25.7,
13/02/2023 20:19:26.907,33756,JAVI    @EA54C6,13542,BAFECA037809,-32.6,97.0,242.4,
13/02/2023 20:19:27.001,33850,JAVI    @EA54C6,13548,B901B4074A0E,44.1,197.2,365.8,
13/02/2023 20:19:27.043,33892,JAVI    @EA54C6,13554,10FCA80A600F,-100.8,272.8,393.6,
13/02/2023 20:19:27.084,33933,JAVI    @EA54C6,13560,4CF7B107D20B,-222.8,196.9,302.6,
13/02/2023 20:19:27.130,33979,JAVI    @EA54C6,13567,C500D4FFA700,19.7,-4.4,16.7,
13/02/2023 20:19:27.178,34027,JAVI    @EA54C6,13573,57F94E0018F6,-170.5,7.8,-253.6,
13/02/2023 20:19:27.222,34071,JAVI    @EA54C6,13579,92061EFB0FF6,168.2,-125.0,-254.5,
13/02/2023 20:19:27.266,34115,JAVI    @EA54C6,13585,340554FDFFFA,133.2,-68.4,-128.1,
13/02/2023 20:19:27.310,34159,JAVI    @EA54C6,13592,BCFF26FD99FD,-6.8,-73.0,-61.5,
13/02/2023 20:19:27.355,34204,JAVI    @EA54C6,13598,160288FD0EFE,53.4,-63.2,-49.8,
13/02/2023 20:19:27.464,34313,JAVI    @EA54C6,13604,C100E2FC8EFB,19.3,-79.8,-113.8,
13/02/2023 20:19:27.500,34349,JAVI    @EA54C6,13610,74FE44FBB8F5,-39.6,-121.2,-263.2,
13/02/2023 20:19:27.538,34387,JAVI    @EA54C6,13617,E50ABEFB3EFA,278.9,-109.0,-147.4,
13/02/2023 20:19:27.580,34429,JAVI    @EA54C6,13623,BFFC8DFF99FF,-83.3,-11.5,-10.3,
13/02/2023 20:19:27.626,34475,JAVI    @EA54C6,13629,FBFB6F035106,-102.9,87.9,161.7,
13/02/2023 20:19:27.670,34519,JAVI    @EA54C6,13635,D101CE06220D,46.5,174.2,336.2,
13/02/2023 20:19:27.717,34566,JAVI    @EA54C6,13642,43FE9F0A160F,-44.5,271.9,386.2,
13/02/2023 20:19:27.761,34610,JAVI    @EA54C6,13648,E0F8AA080D0C,-182.4,221.8,308.5,
13/02/2023 20:19:27.806,34655,JAVI    @EA54C6,13654,4602B800B002,58.2,18.4,68.8,
13/02/2023 20:19:27.903,34752,JAVI    @EA54C6,13660,D3FE63FE33FC,-30.1,-41.3,-97.3,
13/02/2023 20:19:27.946,34796,JAVI    @EA54C6,13667,A80DC0FB7CF8,349.6,-108.8,-192.4,
13/02/2023 20:19:27.987,34836,JAVI    @EA54C6,13673,8304E2FB8AF8,115.5,-105.4,-191.0,
13/02/2023 20:19:28.032,34881,JAVI    @EA54C6,13679,6300FEFC41FC,9.9,-77.0,-95.9,
13/02/2023 20:19:28.075,34924,JAVI    @EA54C6,13685,14FE5EFDC4FD,-49.2,-67.4,-57.2,
13/02/2023 20:19:28.121,34970,JAVI    @EA54C6,13692,4D0516FEFAFD,135.7,-49.0,-51.8,
13/02/2023 20:19:28.165,35014,JAVI    @EA54C6,13698,4AFBA8FBE1F6,-120.6,-111.2,-233.5,
13/02/2023 20:19:28.211,35060,JAVI    @EA54C6,13704,0207F2FBC8F7,179.4,-103.8,-210.4,
13/02/2023 20:19:28.256,35105,JAVI    @EA54C6,13710,BF048CFE56FB,121.5,-37.2,-119.4,
13/02/2023 20:19:28.350,35199,JAVI    @EA54C6,13717,27FB9D01C701,-124.1,41.3,45.5,
13/02/2023 20:19:28.396,35245,JAVI    @EA54C6,13723,D9FD9804E908,-55.1,117.6,228.1,
13/02/2023 20:19:28.434,35283,JAVI    @EA54C6,13729,BE000408000E,19.0,205.2,358.4,
13/02/2023 20:19:28.479,35328,JAVI    @EA54C6,13735,33FFA40BA10E,-20.5,298.0,374.5,
13/02/2023 20:19:28.526,35375,JAVI    @EA54C6,13742,7BFB0107D209,-115.7,179.3,251.4,
13/02/2023 20:19:28.576,35424,JAVI    @EA54C6,13748,6DFF12FF13FF,-14.7,-23.8,-23.7,
13/02/2023 20:19:28.615,35464,JAVI    @EA54C6,13754,E5F95600CFF8,-156.3,8.6,-184.1,
13/02/2023 20:19:28.661,35510,JAVI    @EA54C6,13760,290748FA57F6,183.3,-146.4,-247.3,
13/02/2023 20:19:28.705,35554,JAVI    @EA54C6,13767,1406FBFCAEFA,155.6,-77.3,-136.2,
13/02/2023 20:19:28.795,35644,JAVI    @EA54C6,13773,0700EDFCEEFD,0.7,-78.7,-53.0,
13/02/2023 20:19:28.840,35689,JAVI    @EA54C6,13779,A20028FD36FE,16.2,-72.8,-45.8,
13/02/2023 20:19:28.886,35735,JAVI    @EA54C6,13785,200085FC79FB,3.2,-89.1,-115.9,
13/02/2023 20:19:28.932,35781,JAVI    @EA54C6,13792,33FF03FB15F6,-20.5,-127.7,-253.9,
13/02/2023 20:19:28.979,35828,JAVI    @EA54C6,13798,850BE8FB17FA,294.9,-104.8,-151.3,
13/02/2023 20:19:29.021,35870,JAVI    @EA54C6,13804,5EFCE1FED6FE,-93.0,-28.7,-29.8,
13/02/2023 20:19:29.065,35914,JAVI    @EA54C6,13810,61FB1503C505,-118.3,78.9,147.7,
13/02/2023 20:19:29.110,35959,JAVI    @EA54C6,13817,130163067E0C,27.5,163.5,319.8,
13/02/2023 20:19:29.154,36003,JAVI    @EA54C6,13823,E500A80ADA0E,22.9,272.8,380.2,
13/02/2023 20:19:29.244,36093,JAVI    @EA54C6,13829,1FFC880AF60D,-99.3,269.6,357.4,
13/02/2023 20:19:29.295,36144,JAVI    @EA54C6,13835,ECFD67010F03,-53.2,35.9,78.3,
13/02/2023 20:19:29.335,36184,JAVI    @EA54C6,13842,BCFF0AFEB5FB,-6.8,-50.2,-109.9,
13/02/2023 20:19:29.382,36231,JAVI    @EA54C6,13848,620E6EFA54F7,368.2,-142.6,-222.0,
13/02/2023 20:19:29.424,36273,JAVI    @EA54C6,13854,4A00E4FBDBF7,7.4,-105.2,-208.5,
13/02/2023 20:19:29.469,36318,JAVI    @EA54C6,13860,7700D3FCAFFC,11.9,-81.3,-84.9,
13/02/2023 20:19:29.516,36365,JAVI    @EA54C6,13867,52006EFC82FE,8.2,-91.4,-38.2,
13/02/2023 20:19:29.561,36410,JAVI    @EA54C6,13873,610374FDF1FD,86.5,-65.2,-52.7,
13/02/2023 20:19:29.608,36457,JAVI    @EA54C6,13879,8FF930FCC1F8,-164.9,-97.6,-185.5,
13/02/2023 20:19:29.704,36553,JAVI    @EA54C6,13885,4A0638FC43F8,161.0,-96.8,-198.1,
13/02/2023 20:19:29.742,36591,JAVI    @EA54C6,13892,C101E9FD91FC,44.9,-53.5,-87.9,
13/02/2023 20:19:29.785,36634,JAVI    @EA54C6,13898,72FB0501E901,-116.6,26.1,48.9,
13/02/2023 20:19:29.834,36683,JAVI    @EA54C6,13904,D1FDCD04120A,-55.9,122.9,257.8,
13/02/2023 20:19:29.877,36726,JAVI    @EA54C6,13910,E90191085F0E,48.9,219.3,367.9,
13/02/2023 20:19:29.932,36781,JAVI    @EA54C6,13917,BFFE970BF10E,-32.1,296.7,382.5,
13/02/2023 20:19:29.981,36830,JAVI    @EA54C6,13923,57FABD07C009,-144.9,198.1,249.6,
13/02/2023 20:19:30.021,36869,JAVI    @EA54C6,13929,15023CFE7DFC,53.3,-45.2,-89.9,
13/02/2023 20:19:30.060,36909,JAVI    @EA54C6,13935,5816A1F956F8,572.0,-163.1,-196.2,
13/02/2023 20:19:30.158,37007,JAVI    @EA54C6,13942,1AFDB8FB54F6,-74.2,-109.6,-247.6,
13/02/2023 20:19:30.192,37041,JAVI    @EA54C6,13948,AC0022FD1CFC,17.2,-73.4,-99.6,
13/02/2023 20:19:30.236,37085,JAVI    @EA54C6,13954,5DFFE9FC1EFE,-16.3,-79.1,-48.2,
13/02/2023 20:19:30.286,37135,JAVI    @EA54C6,13960,6A04CFFDDEFE,113.0,-56.1,-29.0,
13/02/2023 20:19:30.332,37181,JAVI    @EA54C6,13967,FEFB5EFCC7FA,-102.6,-93.0,-133.7,
13/02/2023 20:19:30.370,37219,JAVI    @EA54C6,13973,370230FB4AF7,56.7,-123.2,-223.0,
13/02/2023 20:19:30.415,37264,JAVI    @EA54C6,13979,FD05F9FC96FC,153.3,-77.5,-87.4,
13/02/2023 20:19:30.460,37309,JAVI    @EA54C6,13985,6BFC1C01A801,-91.7,28.4,42.4,
13/02/2023 20:19:30.505,37354,JAVI    @EA54C6,13992,6EFF1D052C09,-14.6,130.9,234.8,
13/02/2023 20:19:30.601,37450,JAVI    @EA54C6,13998,DE01BE08A50D,47.8,223.8,349.3,
13/02/2023 20:19:30.647,37496,JAVI    @EA54C6,14004,78FB520B720E,-116.0,289.8,369.8,
13/02/2023 20:19:30.686,37535,JAVI    @EA54C6,14010,CEF90E073F0B,-158.6,180.6,287.9,
13/02/2023 20:19:30.741,37590,JAVI    @EA54C6,14017,F101EFFF5600,49.7,-1.7,8.6,
13/02/2023 20:19:30.774,37623,JAVI    @EA54C6,14023,FBF89B0044F5,-179.7,15.5,-274.8,
13/02/2023 20:19:30.821,37671,JAVI    @EA54C6,14029,50FA13FCDDF5,-145.6,-100.5,-259.5,
13/02/2023 20:19:30.867,37716,JAVI    @EA54C6,14035,D704EAFCF2FB,123.9,-79.0,-103.8,
13/02/2023 20:19:30.911,37760,JAVI    @EA54C6,14042,E9FF2EFD76FE,-2.3,-72.2,-39.4,
13/02/2023 20:19:30.958,37807,JAVI    @EA54C6,14048,340032FD9CFE,5.2,-71.8,-35.6,
13/02/2023 20:19:31.053,37902,JAVI    @EA54C6,14054,010518FE6BFC,128.1,-48.8,-91.7,
13/02/2023 20:19:31.103,37952,JAVI    @EA54C6,14060,00FF61FB79F8,-25.6,-118.3,-192.7,
13/02/2023 20:19:31.144,37993,JAVI    @EA54C6,14067,F0053FFC50F9,152.0,-96.1,-171.2,
13/02/2023 20:19:31.185,38034,JAVI    @EA54C6,14073,28FF65FE0DFE,-21.6,-41.1,-49.9,
13/02/2023 20:19:31.227,38076,JAVI    @EA54C6,14079,C4FB1103D305,-108.4,78.5,149.1,
13/02/2023 20:19:31.270,38119,JAVI    @EA54C6,14085,8EFF52063C0C,-11.4,161.8,313.2,
13/02/2023 20:19:31.317,38166,JAVI    @EA54C6,14092,41FF8809CB0E,-19.1,244.0,378.7,
13/02/2023 20:19:31.361,38210,JAVI    @EA54C6,14098,6AF9B208110D,-168.6,222.6,334.5,
13/02/2023 20:19:31.405,38254,JAVI    @EA54C6,14104,C10181020105,44.9,64.1,128.1,
13/02/2023 20:19:31.500,38349,JAVI    @EA54C6,14110,05FDF6FD24F9,-76.3,-52.2,-175.6,
13/02/2023 20:19:31.541,38390,JAVI    @EA54C6,14117,B40C32FA46F5,325.2,-148.6,-274.6,
13/02/2023 20:19:31.584,38433,JAVI    @EA54C6,14123,BD02FBFB8AFB,70.1,-102.9,-114.2,
13/02/2023 20:19:31.630,38479,JAVI    @EA54C6,14129,BAFEEEFC7CFD,-32.6,-78.6,-64.4,
13/02/2023 20:19:31.676,38525,JAVI    @EA54C6,14135,F5FF16FDF3FE,-1.1,-74.6,-26.9,
13/02/2023 20:19:31.722,38571,JAVI    @EA54C6,14142,E9039AFD35FE,100.1,-61.4,-45.9,
13/02/2023 20:19:31.766,38615,JAVI    @EA54C6,14148,65FDEEFA1AF8,-66.7,-129.8,-202.2,
13/02/2023 20:19:31.810,38659,JAVI    @EA54C6,14154,8602E6FB2BF7,64.6,-105.0,-226.1,
13/02/2023 20:19:31.856,38705,JAVI    @EA54C6,14160,850114FE33FC,38.9,-49.2,-97.3,
13/02/2023 20:19:31.957,38806,JAVI    @EA54C6,14167,F6FCD701EE01,-77.8,47.1,49.4,
13/02/2023 20:19:31.994,38843,JAVI    @EA54C6,14173,E1FE2B06A70A,-28.7,157.9,272.7,
13/02/2023 20:19:32.036,38885,JAVI    @EA54C6,14179,BB0065098E0E,18.7,240.5,372.6,
13/02/2023 20:19:32.081,38930,JAVI    @EA54C6,14185,7EFCC60A9B0E,-89.8,275.8,373.9,
13/02/2023 20:19:32.126,38975,JAVI    @EA54C6,14192,58FC0E05BA08,-93.6,129.4,223.4,
13/02/2023 20:19:32.176,39025,JAVI    @EA54C6,14198,3AFC29FF47FD,-96.6,-21.5,-69.7,
13/02/2023 20:19:32.213,39062,JAVI    @EA54C6,14204,12FAC701D6F1,-151.8,45.5,-362.6,
13/02/2023 20:19:32.259,39108,JAVI    @EA54C6,14210,10FC56FCE7F5,-100.8,-93.8,-258.5,
13/02/2023 20:19:32.306,39155,JAVI    @EA54C6,14217,800481FD02FB,115.2,-63.9,-127.8,
13/02/2023 20:19:32.491,39340,JAVI    @EA54C6,14223,BAFF11FE27FF,-7.0,-49.5,-21.7,
13/02/2023 20:19:32.500,39349,JAVI    @EA54C6,14229,07015CFE5CFE,26.3,-42.0,-42.0,
13/02/2023 20:19:32.509,39358,JAVI    @EA54C6,14235,AA06F1FD48FC,170.6,-52.7,-95.2,
13/02/2023 20:19:32.528,39377,JAVI    @EA54C6,14242,42FEFFFA12F7,-44.6,-128.1,-228.6,
13/02/2023 20:19:32.574,39423,JAVI    @EA54C6,14248,DC05E9FC8AF7,150.0,-79.1,-216.6,
13/02/2023 20:19:32.621,39470,JAVI    @EA54C6,14254,BF04BBFEA9FD,121.5,-32.5,-59.9,
13/02/2023 20:19:32.665,39514,JAVI    @EA54C6,14260,A5F82B027E04,-188.3,55.5,115.0,
13/02/2023 20:19:32.710,39559,JAVI    @EA54C6,14267,40FE5D05120C,-44.8,137.3,309.0,
13/02/2023 20:19:32.756,39605,JAVI    @EA54C6,14273,02045E0AD40F,102.6,265.4,405.2,
13/02/2023 20:19:32.854,39703,JAVI    @EA54C6,14279,11F9A00A240D,-177.5,272.0,336.4,
13/02/2023 20:19:32.896,39745,JAVI    @EA54C6,14285,EAFCE0017F05,-79.0,48.0,140.7,
13/02/2023 20:19:32.935,39784,JAVI    @EA54C6,14292,DFFE0EFF8DFA,-28.9,-24.2,-139.5,
13/02/2023 20:19:32.979,39828,JAVI    @EA54C6,14298,B103B9F6F3F1,94.5,-237.5,-359.7,
13/02/2023 20:19:33.025,39874,JAVI    @EA54C6,14304,26FD6BFBB1F5,-73.0,-117.3,-263.9,
13/02/2023 20:19:33.073,39922,JAVI    @EA54C6,14310,19006CFD9DFA,2.5,-66.0,-137.9,
13/02/2023 20:19:33.118,39967,JAVI    @EA54C6,14317,A8FF2FFEACFE,-8.8,-46.5,-34.0,
13/02/2023 20:19:33.160,40009,JAVI    @EA54C6,14323,3104EDFEB4FD,107.3,-27.5,-58.8,
13/02/2023 20:19:33.207,40056,JAVI    @EA54C6,14329,FB01C9FC18FA,50.7,-82.3,-151.2,
13/02/2023 20:19:33.304,40153,JAVI    @EA54C6,14335,96FEE5FA91F5,-36.2,-130.7,-267.1,
13/02/2023 20:19:33.344,40193,JAVI    @EA54C6,14342,3E0B78FC50FA,287.8,-90.4,-145.6,
13/02/2023 20:19:33.385,40234,JAVI    @EA54C6,14348,F6FDECFF9C00,-52.2,-2.0,15.6,
13/02/2023 20:19:33.432,40281,JAVI    @EA54C6,14354,4BFC1204BA07,-94.9,104.2,197.8,
13/02/2023 20:19:33.476,40325,JAVI    @EA54C6,14360,5A02F9063F0E,60.2,178.5,364.7,
13/02/2023 20:19:33.521,40370,JAVI    @EA54C6,14367,B2FFDE09610F,-7.8,252.6,393.7,
13/02/2023 20:19:33.564,40413,JAVI    @EA54C6,14373,C0F50D07560A,-262.4,180.5,264.6,
13/02/2023 20:19:33.609,40458,JAVI    @EA54C6,14379,F402ECFF6D00,75.6,-2.0,10.9,
13/02/2023 20:19:33.658,40507,JAVI    @EA54C6,14385,56FB80FC9AF2,-119.4,-89.6,-343.0,
13/02/2023 20:19:33.749,40598,JAVI    @EA54C6,14392,E3FE12FC40F6,-28.5,-100.6,-249.6,
13/02/2023 20:19:33.799,40648,JAVI    @EA54C6,14398,790403FDC3FA,114.5,-76.5,-134.1,
13/02/2023 20:19:33.838,40687,JAVI    @EA54C6,14404,38008AFD33FE,5.6,-63.0,-46.1,
13/02/2023 20:19:33.879,40728,JAVI    @EA54C6,14410,2AFE42FDBCFE,-47.0,-70.2,-32.4,
13/02/2023 20:19:33.925,40774,JAVI    @EA54C6,14417,DA02B8FD3CFD,73.0,-58.4,-70.8,
13/02/2023 20:19:33.969,40818,JAVI    @EA54C6,14423,89FD0DFBDFF5,-63.1,-126.7,-259.3,
13/02/2023 20:19:34.017,40866,JAVI    @EA54C6,14429,9F06CCFBE4F7,169.5,-107.6,-207.6,
13/02/2023 20:19:34.061,40910,JAVI    @EA54C6,14435,1BFE02FFD6FC,-48.5,-25.4,-81.0,
13/02/2023 20:19:34.108,40957,JAVI    @EA54C6,14442,12FBCB018E03,-126.2,45.9,91.0,
13/02/2023 20:19:34.207,41056,JAVI    @EA54C6,14448,82FE1505FA0A,-38.2,130.1,281.0,
13/02/2023 20:19:34.247,41096,JAVI    @EA54C6,14454,65029408990E,61.3,219.6,373.7,
13/02/2023 20:19:34.285,41134,JAVI    @EA54C6,14460,01FA740A420E,-153.5,267.6,365.0,
13/02/2023 20:19:34.335,41184,JAVI    @EA54C6,14467,46FCA7036F07,-95.4,93.5,190.3,
13/02/2023 20:19:34.377,41226,JAVI    @EA54C6,14473,EFFF0FFFC9FC,-1.7,-24.1,-82.3,
13/02/2023 20:19:34.425,41274,JAVI    @EA54C6,14479,6CFA45FE48EE,-142.8,-44.3,-453.6,
13/02/2023 20:19:34.472,41321,JAVI    @EA54C6,14485,4CF9EAFA39F5,-171.6,-130.2,-275.9,
13/02/2023 20:19:34.512,41361,JAVI    @EA54C6,14492,61037AFC67FA,86.5,-90.2,-143.3,
13/02/2023 20:19:34.555,41404,JAVI    @EA54C6,14498,E1FF34FD27FE,-3.1,-71.6,-47.3,
13/02/2023 20:19:34.656,41505,JAVI    @EA54C6,14504,2C014EFE96FD,30.0,-43.4,-61.8,
13/02/2023 20:19:34.694,41543,JAVI    @EA54C6,14510,180286FC36FC,53.6,-89.0,-97.0,
13/02/2023 20:19:34.735,41584,JAVI    @EA54C6,14517,71FD70FA62F5,-65.5,-142.4,-271.8,
13/02/2023 20:19:34.780,41629,JAVI    @EA54C6,14523,1D0662FCCFF8,156.5,-92.6,-184.1,
13/02/2023 20:19:34.824,41673,JAVI    @EA54C6,14529,AF00B2FE19FE,17.5,-33.4,-48.7,
13/02/2023 20:19:34.880,41729,JAVI    @EA54C6,14535,A1FFD1024006,-9.5,72.1,160.0,
13/02/2023 20:19:34.922,41771,JAVI    @EA54C6,14542,6C0002076F0D,10.8,179.4,343.9,
13/02/2023 20:19:34.958,41807,JAVI    @EA54C6,14548,0FFFE1099110,-24.1,252.9,424.1,
13/02/2023 20:19:35.006,41855,JAVI    @EA54C6,14554,A7FA25098C0F,-136.9,234.1,398.0,
13/02/2023 20:19:35.101,41950,JAVI    @EA54C6,14560,3FFFE7031506,-19.3,99.9,155.7,
13/02/2023 20:19:35.140,41989,JAVI    @EA54C6,14567,480363FD09FC,84.0,-66.9,-101.5,
13/02/2023 20:19:35.185,42034,JAVI    @EA54C6,14573,9DE951FB10E9,-573.1,-119.9,-587.2,
13/02/2023 20:19:35.229,42078,JAVI    @EA54C6,14579,730215FCC9F7,62.7,-100.3,-210.3,
13/02/2023 20:19:35.275,42124,JAVI    @EA54C6,14585,6801FDFC9EFA,36.0,-77.1,-137.8,
13/02/2023 20:19:35.321,42170,JAVI    @EA54C6,14592,0000C8FD3EFE,0.0,-56.8,-45.0,
13/02/2023 20:19:35.367,42216,JAVI    @EA54C6,14598,77021FFE22FE,63.1,-48.1,-47.8,
13/02/2023 20:19:35.412,42261,JAVI    @EA54C6,14604,7200F5FC3CF9,11.4,-77.9,-173.2,
13/02/2023 20:19:35.458,42307,JAVI    @EA54C6,14610,F902C8FAE9F4,76.1,-133.6,-283.9,
13/02/2023 20:19:35.552,42401,JAVI    @EA54C6,14617,5E058AFC2AF7,137.4,-88.6,-226.2,
13/02/2023 20:19:35.592,42441,JAVI    @EA54C6,14623,12F7C6FF35FF,-228.6,-5.8,-20.3,
13/02/2023 20:19:35.635,42484,JAVI    @EA54C6,14629,FCF91F048609,-154.0,105.5,243.8,
13/02/2023 20:19:35.681,42530,JAVI    @EA54C6,14635,E202F005F910,73.8,152.0,434.5,
13/02/2023 20:19:35.723,42572,JAVI    @EA54C6,14642,4DFF7109C910,-17.9,241.7,429.7,
13/02/2023 20:19:35.771,42620,JAVI    @EA54C6,14648,57F6E6081A0E,-247.3,227.8,361.0,
13/02/2023 20:19:35.817,42666,JAVI    @EA54C6,14654,BD06DA02CA07,172.5,73.0,199.4,
13/02/2023 20:19:35.859,42708,JAVI    @EA54C6,14660,38FD56FF7DFA,-71.2,-17.0,-141.1,
13/02/2023 20:19:35.906,42755,JAVI    @EA54C6,14667,07F95DFB7BEE,-178.5,-118.7,-448.5,
13/02/2023 20:19:36.004,42853,JAVI    @EA54C6,14673,13043CFC2BF6,104.3,-96.4,-251.7,
13/02/2023 20:19:36.047,42896,JAVI    @EA54C6,14679,F5013BFDE5F9,50.1,-70.9,-156.3,
13/02/2023 20:19:36.086,42934,JAVI    @EA54C6,14685,4D004BFDFEFB,7.7,-69.3,-102.6,
13/02/2023 20:19:36.130,42979,JAVI    @EA54C6,14692,CA0285FD47FA,71.4,-63.5,-146.5,
13/02/2023 20:19:36.176,43025,JAVI    @EA54C6,14698,4E02A7FDC1F5,59.0,-60.1,-262.3,
13/02/2023 20:19:36.222,43071,JAVI    @EA54C6,14704,640CDAFEC1F9,317.2,-29.4,-159.9,
13/02/2023 20:19:36.267,43116,JAVI    @EA54C6,14710,01FBCD04F003,-127.9,122.9,100.8,
13/02/2023 20:19:36.313,43162,JAVI    @EA54C6,14717,DFFC3309090B,-80.1,235.5,282.5,
13/02/2023 20:19:36.355,43204,JAVI    @EA54C6,14723,000055099910,0.0,238.9,424.9,
13/02/2023 20:19:36.456,43305,JAVI    @EA54C6,14729,41FB7A07E50E,-121.5,191.4,381.3,
13/02/2023 20:19:36.495,43344,JAVI    @EA54C6,14735,07FFF4021A07,-24.9,75.6,181.8,
13/02/2023 20:19:36.535,43384,JAVI    @EA54C6,14742,7D0006FE9EFB,12.5,-50.6,-112.2,
13/02/2023 20:19:36.583,43432,JAVI    @EA54C6,14748,F7194FFBE8FB,664.7,-120.1,-104.8,
13/02/2023 20:19:36.624,43473,JAVI    @EA54C6,14754,B5EE12FC46F8,-442.7,-100.6,-197.8,
13/02/2023 20:19:36.672,43521,JAVI    @EA54C6,14760,5C035BFDBFFC,86.0,-67.7,-83.3,
13/02/2023 20:19:36.715,43564,JAVI    @EA54C6,14767,4B0072FD09FF,7.5,-65.4,-24.7,
13/02/2023 20:19:36.761,43610,JAVI    @EA54C6,14773,D7FF25FE60FE,-4.1,-47.5,-41.6,
13/02/2023 20:19:36.807,43656,JAVI    @EA54C6,14779,300596FE58FD,132.8,-36.2,-68.0,
13/02/2023 20:19:36.898,43747,JAVI    @EA54C6,14785,E4F90EFB7EF7,-156.4,-126.6,-217.8,
13/02/2023 20:19:36.944,43792,JAVI    @EA54C6,14792,04091AFA7CF5,230.8,-151.0,-269.2,
13/02/2023 20:19:36.984,43833,JAVI    @EA54C6,14798,E0082FFB0EF8,227.2,-123.3,-203.4,
13/02/2023 20:19:37.074,43923,JAVI    @EA54C6,14804,9AFCAEFE1702,-87.0,-33.8,53.5,
13/02/2023 20:19:37.076,43925,JAVI    @EA54C6,14810,D0F711033609,-209.6,78.5,235.8,
13/02/2023 20:19:37.119,43968,JAVI    @EA54C6,14817,E9008C03570E,23.3,90.8,367.1,
13/02/2023 20:19:37.163,44012,JAVI    @EA54C6,14823,2DFFE406CB0E,-21.1,176.4,378.7,
13/02/2023 20:19:37.213,44062,JAVI    @EA54C6,14829,EAFBE606E10C,-104.6,176.6,329.7,
13/02/2023 20:19:37.253,44102,JAVI    @EA54C6,14835,61FD92038306,-67.1,91.4,166.7,
13/02/2023 20:19:37.355,44205,JAVI    @EA54C6,14842,1D00D6FFD0FC,2.9,-4.2,-81.6,
13/02/2023 20:19:37.391,44240,JAVI    @EA54C6,14848,2EFA66FC5EF3,-149.0,-92.2,-323.4,
13/02/2023 20:19:37.433,44282,JAVI    @EA54C6,14854,C204D0FC3BF8,121.8,-81.6,-198.9,
13/02/2023 20:19:37.480,44329,JAVI    @EA54C6,14860,D2FFCCFC16FA,-4.6,-82.0,-151.4,
13/02/2023 20:19:37.533,44382,JAVI    @EA54C6,14867,5101CEFDA6FD,33.7,-56.2,-60.2,
13/02/2023 20:19:37.573,44422,JAVI    @EA54C6,14873,000037FE90FE,0.0,-45.7,-36.8,
13/02/2023 20:19:37.615,44464,JAVI    @EA54C6,14879,B003F7FD6FFD,94.4,-52.1,-65.7,
13/02/2023 20:19:37.660,44509,JAVI    @EA54C6,14885,C5FEA8FB60F6,-31.5,-111.2,-246.4,
13/02/2023 20:19:37.751,44600,JAVI    @EA54C6,14892,8D0680FCEDF7,167.7,-89.6,-206.7,
13/02/2023 20:19:37.797,44646,JAVI    @EA54C6,14898,44FC88FDC2FC,-95.6,-63.2,-83.0,
13/02/2023 20:19:37.842,44691,JAVI    @EA54C6,14904,2FFEAD01A804,-46.5,42.9,119.2,
13/02/2023 20:19:37.885,44734,JAVI    @EA54C6,14910,98011A05320B,40.8,130.6,286.6,
13/02/2023 20:19:37.930,44779,JAVI    @EA54C6,14917,EDFBFA08040D,-104.3,229.8,333.2,
13/02/2023 20:19:37.976,44825,JAVI    @EA54C6,14923,F6FD6F09CC0D,-52.2,241.5,353.2,
13/02/2023 20:19:38.018,44867,JAVI    @EA54C6,14929,F5FC0907AF09,-77.9,180.1,247.9,
13/02/2023 20:19:38.064,44913,JAVI    @EA54C6,14935,0205BB00BF00,128.2,18.7,19.1,
13/02/2023 20:19:38.109,44958,JAVI    @EA54C6,14942,6CFE24FFFDFA,-40.4,-22.0,-128.3,
13/02/2023 20:19:38.153,45002,JAVI    @EA54C6,14948,0B07FBF955F8,180.3,-154.1,-196.3,
13/02/2023 20:19:38.252,45101,JAVI    @EA54C6,14954,CC0501FD70FB,148.4,-76.7,-116.8,
13/02/2023 20:19:38.289,45137,JAVI    @EA54C6,14960,8601B4FD0DFE,39.0,-58.8,-49.9,
13/02/2023 20:19:38.334,45183,JAVI    @EA54C6,14967,C5FD0CFDF0FE,-57.1,-75.6,-27.2,
13/02/2023 20:19:38.383,45232,JAVI    @EA54C6,14973,2C0363FDB0FD,81.2,-66.9,-59.2,
13/02/2023 20:19:38.423,45272,JAVI    @EA54C6,14979,AAFF6BFB2CF8,-8.6,-117.3,-200.4,
13/02/2023 20:19:38.470,45319,JAVI    @EA54C6,14985,0900B7FA2CF5,0.9,-135.3,-277.2,
13/02/2023 20:19:38.517,45366,JAVI    @EA54C6,14992,910136FD3AFB,40.1,-71.4,-122.2,
13/02/2023 20:19:38.561,45410,JAVI    @EA54C6,14998,ABFD53018F01,-59.7,33.9,39.9,
13/02/2023 20:19:38.607,45456,JAVI    @EA54C6,15004,D9035306470A,98.5,161.9,263.1,
13/02/2023 20:19:38.702,45551,JAVI    @EA54C6,15010,7001A1092F0D,36.8,246.5,337.5,
13/02/2023 20:19:38.739,45588,JAVI    @EA54C6,15017,34F9650A9F0D,-174.0,266.1,348.7,
13/02/2023 20:19:38.791,45640,JAVI    @EA54C6,15023,72FBBA06100B,-116.6,172.2,283.2,
13/02/2023 20:19:38.831,45680,JAVI    @EA54C6,15029,820538013A02,141.0,31.2,57.0,
13/02/2023 20:19:38.877,45725,JAVI    @EA54C6,15035,B5010AFE2AFC,43.7,-50.2,-98.2,
13/02/2023 20:19:38.920,45769,JAVI    @EA54C6,15042,E0077EF9C9F8,201.6,-166.6,-184.7,
13/02/2023 20:19:38.965,45814,JAVI    @EA54C6,15048,3A038BFC08FA,82.6,-88.5,-152.8,
13/02/2023 20:19:39.012,45861,JAVI    @EA54C6,15054,710043FD39FC,11.3,-70.1,-96.7,
13/02/2023 20:19:39.055,45904,JAVI    @EA54C6,15060,FAFD94FDA5FE,-51.8,-62.0,-34.7,
13/02/2023 20:19:39.151,46000,JAVI    @EA54C6,15067,CE01F1FDD0FD,46.2,-52.7,-56.0,
13/02/2023 20:19:39.195,46044,JAVI    @EA54C6,15073,BC0349FDA5FA,95.6,-69.5,-137.1,
13/02/2023 20:19:39.243,46092,JAVI    @EA54C6,15079,F4FF6CFA0EF6,-1.2,-142.8,-254.6,
13/02/2023 20:19:39.283,46132,JAVI    @EA54C6,15085,50073DFC0FFA,187.2,-96.3,-152.1,
13/02/2023 20:19:39.328,46177,JAVI    @EA54C6,15092,FBFD6600D3FF,-51.7,10.2,-4.5,
13/02/2023 20:19:39.372,46221,JAVI    @EA54C6,15098,11FF6105BB08,-23.9,137.7,223.5,
13/02/2023 20:19:39.415,46264,JAVI    @EA54C6,15104,980118087C0D,40.8,207.2,345.2,
13/02/2023 20:19:39.461,46310,JAVI    @EA54C6,15110,F7FE040A340F,-26.5,256.4,389.2,
13/02/2023 20:19:39.506,46355,JAVI    @EA54C6,15117,5DF66C08E00B,-246.7,215.6,304.0,
13/02/2023 20:19:39.606,46455,JAVI    @EA54C6,15123,8D020501B702,65.3,26.1,69.5,
13/02/2023 20:19:39.647,46496,JAVI    @EA54C6,15129,4CFB77FC2EF1,-120.4,-90.5,-379.4,
13/02/2023 20:19:39.684,46533,JAVI    @EA54C6,15135,2EFD2AFCD5F6,-72.2,-98.2,-234.7,
13/02/2023 20:19:39.740,46589,JAVI    @EA54C6,15142,1E0474FD1CFB,105.4,-65.2,-125.2,
13/02/2023 20:19:39.780,46629,JAVI    @EA54C6,15148,6B0036FEA9FE,10.7,-45.8,-34.3,
13/02/2023 20:19:39.820,46670,JAVI    @EA54C6,15154,01FEE5FD04FF,-51.1,-53.9,-25.2,
13/02/2023 20:19:39.867,46716,JAVI    @EA54C6,15160,690591FE87FD,138.5,-36.7,-63.3,
13/02/2023 20:19:39.907,46757,JAVI    @EA54C6,15167,19FF6EFC30F8,-23.1,-91.4,-200.0,
13/02/2023 20:19:39.954,46803,JAVI    @EA54C6,15173,E600D3FBD2F5,23.0,-106.9,-260.6,
13/02/2023 20:19:40.053,46901,JAVI    @EA54C6,15179,DE0855FD43FB,227.0,-68.3,-121.3,
13/02/2023 20:19:40.097,46946,JAVI    @EA54C6,15185,6AFA2F01D300,-143.0,30.3,21.1,
13/02/2023 20:19:40.135,46984,JAVI    @EA54C6,15192,87FDCD048207,-63.3,122.9,192.2,
13/02/2023 20:19:40.186,47035,JAVI    @EA54C6,15198,D1027908770D,72.1,216.9,344.7,
13/02/2023 20:19:40.233,47082,JAVI    @EA54C6,15204,FAFD6D0AF20D,-51.8,266.9,357.0,
13/02/2023 20:19:40.272,47121,JAVI    @EA54C6,15210,87F9CF066B0A,-165.7,174.3,266.7,
13/02/2023 20:19:40.314,47163,JAVI    @EA54C6,15217,8A0178FFC6FF,39.4,-13.6,-5.8,
13/02/2023 20:19:40.362,47211,JAVI    @EA54C6,15223,BFFCBAFDBBF2,-83.3,-58.2,-339.7,
13/02/2023 20:19:40.405,47254,JAVI    @EA54C6,15229,A3FB69FC96F6,-111.7,-91.9,-241.0,
13/02/2023 20:19:40.497,47346,JAVI    @EA54C6,15235,A405E1FC4CFB,144.4,-79.9,-120.4,
13/02/2023 20:19:40.541,47390,JAVI    @EA54C6,15242,B0009DFD49FE,17.6,-61.1,-43.9,
13/02/2023 20:19:40.587,47436,JAVI    @EA54C6,15248,DAFEE1FD52FF,-29.4,-54.3,-17.4,
13/02/2023 20:19:40.630,47479,JAVI    @EA54C6,15254,1B03D2FD29FE,79.5,-55.8,-47.1,
13/02/2023 20:19:40.676,47525,JAVI    @EA54C6,15260,78FFB1FC88F9,-13.6,-84.7,-165.6,
13/02/2023 20:19:40.721,47570,JAVI    @EA54C6,15267,5800D9FB12F8,8.8,-106.3,-203.0,
13/02/2023 20:19:40.767,47616,JAVI    @EA54C6,15273,B60967FD54FD,248.6,-66.5,-68.4,
13/02/2023 20:19:40.813,47662,JAVI    @EA54C6,15279,73FA05005602,-142.1,0.5,59.8,
13/02/2023 20:19:40.854,47703,JAVI    @EA54C6,15285,00FB92023C07,-128.0,65.8,185.2,
13/02/2023 20:19:40.949,47798,JAVI    @EA54C6,15292,8C0117067D0C,39.6,155.9,319.7,
13/02/2023 20:19:40.999,47848,JAVI    @EA54C6,15298,8A002309440C,13.8,233.9,314.0,
13/02/2023 20:19:41.041,47890,JAVI    @EA54C6,15304,67FFFC073709,-15.3,204.4,235.9,
13/02/2023 20:19:41.082,47931,JAVI    @EA54C6,15310,190283019600,53.7,38.7,15.0,
13/02/2023 20:19:41.127,47976,JAVI    @EA54C6,15317,770511FC70F9,139.9,-100.7,-168.0,
13/02/2023 20:19:41.171,48020,JAVI    @EA54C6,15323,8F015CF7B7F6,39.9,-221.2,-237.7,
13/02/2023 20:19:41.216,48065,JAVI    @EA54C6,15329,9AFC1CFC95F7,-87.0,-99.6,-215.5,
13/02/2023 20:19:41.261,48110,JAVI    @EA54C6,15335,4303F7FC38FB,83.5,-77.7,-122.4,
13/02/2023 20:19:41.305,48154,JAVI    @EA54C6,15342,65013DFDECFE,35.7,-70.7,-27.6,
13/02/2023 20:19:41.410,48259,JAVI    @EA54C6,15348,CC01DBFB9EFF,46.0,-106.1,-9.8,
13/02/2023 20:19:41.449,48298,JAVI    @EA54C6,15354,8FFEC5FCDAFC,-36.9,-82.7,-80.6,
13/02/2023 20:19:41.485,48334,JAVI    @EA54C6,15360,AAFDFEFA0BF9,-59.8,-128.2,-178.1,
13/02/2023 20:19:41.529,48378,JAVI    @EA54C6,15367,EF0322FC19F8,100.7,-99.0,-202.3,
13/02/2023 20:19:41.576,48425,JAVI    @EA54C6,15373,470249FD1BFE,58.3,-69.5,-48.5,
13/02/2023 20:19:41.619,48468,JAVI    @EA54C6,15379,65F871006B03,-194.7,11.3,87.5,
13/02/2023 20:19:41.666,48515,JAVI    @EA54C6,15385,DF038103140B,99.1,89.7,283.6,
13/02/2023 20:19:41.711,48560,JAVI    @EA54C6,15392,D2006109580E,21.0,240.1,367.2,
13/02/2023 20:19:41.754,48603,JAVI    @EA54C6,15398,DAF62F0A140E,-234.2,260.7,360.4,
13/02/2023 20:19:41.853,48702,JAVI    @EA54C6,15404,7AFC4F056509,-90.2,135.9,240.5,
13/02/2023 20:19:41.892,48741,JAVI    @EA54C6,15410,3601D6FF08FE,31.0,-4.2,-50.4,
13/02/2023 20:19:41.938,48787,JAVI    @EA54C6,15417,8BFE3DF6E3F1,-37.3,-249.9,-361.3,
13/02/2023 20:19:41.980,48829,JAVI    @EA54C6,15423,AAFB6FFBFEF5,-111.0,-116.9,-256.2,
13/02/2023 20:19:42.028,48877,JAVI    @EA54C6,15429,79014DFD5BFB,37.7,-69.1,-118.9,
13/02/2023 20:19:42.071,48920,JAVI    @EA54C6,15435,B0FF51FDACFE,-8.0,-68.7,-34.0,
13/02/2023 20:19:42.117,48966,JAVI    @EA54C6,15442,B40111FEF5FD,43.6,-49.5,-52.3,
13/02/2023 20:19:42.160,49009,JAVI    @EA54C6,15448,B604E2FCF4FB,120.6,-79.8,-103.6,
13/02/2023 20:19:42.207,49056,JAVI    @EA54C6,15454,0DFBB9FA63F7,-126.7,-135.1,-220.5,
13/02/2023 20:19:42.307,49156,JAVI    @EA54C6,15460,F50536FCF2F8,152.5,-97.0,-180.6,
13/02/2023 20:19:42.342,49191,JAVI    @EA54C6,15467,5CFEAAFD48FE,-42.0,-59.8,-44.0,
13/02/2023 20:19:42.385,49234,JAVI    @EA54C6,15473,84FBCE01EC04,-114.8,46.2,126.0,
13/02/2023 20:19:42.431,49280,JAVI    @EA54C6,15479,C5027205320C,70.9,139.4,312.2,
13/02/2023 20:19:42.475,49324,JAVI    @EA54C6,15485,C900D1095C0E,20.1,251.3,367.6,
13/02/2023 20:19:42.523,49372,JAVI    @EA54C6,15492,9DF9F708C10D,-163.5,229.5,352.1,
13/02/2023 20:19:42.565,49414,JAVI    @EA54C6,15498,9CFCE2027606,-86.8,73.8,165.4,
13/02/2023 20:19:42.610,49459,JAVI    @EA54C6,15504,D6FE26FE18FC,-29.8,-47.4,-100.0,
13/02/2023 20:19:42.656,49505,JAVI    @EA54C6,15510,1F0D5EFB46F7,335.9,-118.6,-223.4,
13/02/2023 20:19:42.748,49597,JAVI    @EA54C6,15517,D60264FC1CF9,72.6,-92.4,-176.4,
13/02/2023 20:19:42.789,49638,JAVI    @EA54C6,15523,060078FD3CFC,0.6,-64.8,-96.4,
13/02/2023 20:19:42.840,49689,JAVI    @EA54C6,15529,94FEDFFD62FF,-36.4,-54.5,-15.8,
13/02/2023 20:19:42.881,49730,JAVI    @EA54C6,15535,D8029EFE0DFE,72.8,-35.4,-49.9,
13/02/2023 20:19:42.927,49776,JAVI    @EA54C6,15542,2AFF78FC85FB,-21.4,-90.4,-114.7,
13/02/2023 20:19:42.972,49821,JAVI    @EA54C6,15548,D3FA92FA75F6,-132.5,-139.0,-244.3,
13/02/2023 20:19:43.015,49864,JAVI    @EA54C6,15554,C00903FCA2FA,249.6,-102.1,-137.4,
13/02/2023 20:19:43.061,49910,JAVI    @EA54C6,15560,9DFD8EFF29FE,-61.1,-11.4,-47.1,
13/02/2023 20:19:43.106,49955,JAVI    @EA54C6,15567,0D031E05E506,78.1,131.0,176.5,
13/02/2023 20:19:43.209,50058,JAVI    @EA54C6,15573,77023409860D,63.1,235.6,346.2,
13/02/2023 20:19:43.241,50090,JAVI    @EA54C6,15579,54F8100A420F,-196.4,257.6,390.6,
13/02/2023 20:19:43.300,50149,JAVI    @EA54C6,15585,88FDDE04750C,-63.2,124.6,318.9,
13/02/2023 20:19:43.341,50190,JAVI    @EA54C6,15592,3E01EEFFF5FF,31.8,-1.8,-1.1,
13/02/2023 20:19:43.378,50227,JAVI    @EA54C6,15598,F4FEABFA82F7,-26.8,-136.5,-217.4,
13/02/2023 20:19:43.419,50268,JAVI    @EA54C6,15604,72FF88FEC4F5,-14.2,-37.6,-262.0,
13/02/2023 20:19:43.465,50314,JAVI    @EA54C6,15610,E80324FDDDF9,100.0,-73.2,-157.1,
13/02/2023 20:19:43.513,50362,JAVI    @EA54C6,15617,E3FC24FCFFFB,-79.7,-98.8,-102.5,
13/02/2023 20:19:43.557,50406,JAVI    @EA54C6,15623,82FF11FE1AFF,-12.6,-49.5,-23.0,
13/02/2023 20:19:43.655,50504,JAVI    @EA54C6,15629,4C0359FFB9FD,84.4,-16.7,-58.3,
13/02/2023 20:19:43.691,50540,JAVI    @EA54C6,15635,A800C5FB17F7,16.8,-108.3,-228.1,
13/02/2023 20:19:43.734,50583,JAVI    @EA54C6,15642,720282FC82F7,62.6,-89.4,-217.4,
13/02/2023 20:19:43.781,50630,JAVI    @EA54C6,15648,1000F9FEF0FC,1.6,-26.3,-78.4,
13/02/2023 20:19:43.826,50675,JAVI    @EA54C6,15654,98FF3003C803,-10.4,81.6,96.8,
13/02/2023 20:19:43.870,50719,JAVI    @EA54C6,15660,9B01C607870B,41.1,199.0,295.1,
13/02/2023 20:19:43.918,50767,JAVI    @EA54C6,15667,BAFE1F0BBA0E,-32.6,284.7,377.0,
13/02/2023 20:19:43.959,50808,JAVI    @EA54C6,15673,DAF9A70A010F,-157.4,272.7,384.1,
13/02/2023 20:19:44.006,50855,JAVI    @EA54C6,15679,61FFD2036906,-15.9,97.8,164.1,
13/02/2023 20:19:44.112,50961,JAVI    @EA54C6,15685,E8FB7AFE9BFB,-104.8,-39.0,-112.5,
13/02/2023 20:19:44.148,50997,JAVI    @EA54C6,15692,EB064AFCDBF8,177.1,-95.0,-182.9,
13/02/2023 20:19:44.185,51034,JAVI    @EA54C6,15698,7808C1FEDFF4,216.8,-31.9,-284.9,
13/02/2023 20:19:44.230,51079,JAVI    @EA54C6,15704,3B0194FDB9F8,31.5,-62.0,-186.3,
13/02/2023 20:19:44.275,51124,JAVI    @EA54C6,15710,A3FD83FCD7FA,-60.5,-89.3,-132.1,
13/02/2023 20:19:44.322,51171,JAVI    @EA54C6,15717,3500DBFC39FE,5.3,-80.5,-45.5,
13/02/2023 20:19:44.365,51214,JAVI    @EA54C6,15723,D00300FFE0FB,97.6,-25.6,-105.6,
13/02/2023 20:19:44.414,51263,JAVI    @EA54C6,15729,20039BFC66F7,80.0,-86.9,-220.2,
13/02/2023 20:19:44.456,51305,JAVI    @EA54C6,15735,1108A5FDCFF9,206.5,-60.3,-158.5,
13/02/2023 20:19:44.554,51403,JAVI    @EA54C6,15742,96FC33000501,-87.4,5.1,26.1,
13/02/2023 20:19:44.592,51441,JAVI    @EA54C6,15748,4EFEB4040309,-43.4,120.4,230.7,
13/02/2023 20:19:44.636,51485,JAVI    @EA54C6,15754,2E033408130F,81.4,210.0,385.9,
13/02/2023 20:19:44.688,51537,JAVI    @EA54C6,15760,04FCA70B4D0F,-102.0,298.3,391.7,
13/02/2023 20:19:44.737,51586,JAVI    @EA54C6,15767,6BFDBB078A0D,-66.1,197.9,346.6,
13/02/2023 20:19:44.769,51618,JAVI    @EA54C6,15773,36FBA8005901,-122.6,16.8,34.5,
13/02/2023 20:19:44.815,51664,JAVI    @EA54C6,15779,57F9D7014BF5,-170.5,47.1,-274.1,
13/02/2023 20:19:44.862,51711,JAVI    @EA54C6,15785,5908D0FA79F5,213.7,-132.8,-269.5,
13/02/2023 20:19:44.906,51755,JAVI    @EA54C6,15792,B6037CFCE7F8,95.0,-90.0,-181.7,
13/02/2023 20:19:45.008,51857,JAVI    @EA54C6,15798,51FF36FDC9FC,-17.5,-71.4,-82.3,
13/02/2023 20:19:45.086,51935,JAVI    @EA54C6,15810,AF01EEFC1AFD,43.1,-78.6,-74.2,
13/02/2023 20:19:45.084,51933,JAVI    @EA54C6,15804,B600C2FDBDFD,18.2,-57.4,-57.9,
13/02/2023 20:19:45.130,51979,JAVI    @EA54C6,15817,6EF97AFAEEF5,-168.2,-141.4,-257.8,
13/02/2023 20:19:45.179,52028,JAVI    @EA54C6,15823,55076EFCECF7,187.7,-91.4,-206.8,
13/02/2023 20:19:45.221,52070,JAVI    @EA54C6,15829,81FCF8FEB6FE,-89.5,-26.4,-33.0,
13/02/2023 20:19:45.266,52115,JAVI    @EA54C6,15835,A8FBBB021308,-111.2,69.9,206.7,
13/02/2023 20:19:45.312,52161,JAVI    @EA54C6,15842,580396045B10,85.6,117.4,418.7,
13/02/2023 20:19:45.356,52205,JAVI    @EA54C6,15848,3FFB7406B111,-121.7,165.2,452.9,
13/02/2023 20:19:45.454,52303,JAVI    @EA54C6,15854,6FF418045C0E,-296.1,104.8,367.6,
13/02/2023 20:19:45.498,52347,JAVI    @EA54C6,15860,F301DC003506,49.9,22.0,158.9,
13/02/2023 20:19:45.534,52383,JAVI    @EA54C6,15867,5C020A00BBFC,60.4,1.0,-83.7,
13/02/2023 20:19:45.592,52441,JAVI    @EA54C6,15873,A1F67200C1ED,-239.9,11.4,-467.1,
13/02/2023 20:19:45.628,52477,JAVI    @EA54C6,15879,BAFDB3FC57F7,-58.2,-84.5,-221.7,
13/02/2023 20:19:45.670,52519,JAVI    @EA54C6,15885,F20056FD8AFA,24.2,-68.2,-139.8,
13/02/2023 20:19:45.716,52565,JAVI    @EA54C6,15892,E7FE55FED1FD,-28.1,-42.7,-55.9,
13/02/2023 20:19:45.758,52607,JAVI    @EA54C6,15898,4AFFD9FEC2FC,-18.2,-29.5,-83.0,
13/02/2023 20:19:45.804,52653,JAVI    @EA54C6,15904,9F08C8FD97F8,220.7,-56.8,-189.7,
13/02/2023 20:19:45.900,52749,JAVI    @EA54C6,15910,ADFFF9FAD7F5,-8.3,-128.7,-260.1,
13/02/2023 20:19:45.942,52791,JAVI    @EA54C6,15917,4B05D0FC85FA,135.5,-81.6,-140.3,
13/02/2023 20:19:45.991,52840,JAVI    @EA54C6,15923,F5F968FFD900,-154.7,-15.2,21.7,
13/02/2023 20:19:46.048,52897,JAVI    @EA54C6,15929,E6FC90025009,-79.4,65.6,238.4,
13/02/2023 20:19:46.078,52927,JAVI    @EA54C6,15935,E3028905920E,73.9,141.7,373.0,
13/02/2023 20:19:46.121,52970,JAVI    @EA54C6,15942,FAFC72089C0E,-77.4,216.2,374.0,
13/02/2023 20:19:46.166,53015,JAVI    @EA54C6,15948,DBF655068E0B,-234.1,162.1,295.8,
13/02/2023 20:19:46.210,53059,JAVI    @EA54C6,15954,F003D7018E04,100.8,47.1,116.6,
13/02/2023 20:19:46.256,53105,JAVI    @EA54C6,15960,3F033EFF42FC,83.1,-19.4,-95.8,
13/02/2023 20:19:46.352,53201,JAVI    @EA54C6,15967,930F98F924FA,398.7,-164.0,-150.0,
13/02/2023 20:19:46.391,53240,JAVI    @EA54C6,15973,9002C2FC5BF9,65.6,-83.0,-170.1,
13/02/2023 20:19:46.435,53284,JAVI    @EA54C6,15979,8F00DCFDE0FB,14.3,-54.8,-105.6,
13/02/2023 20:19:46.479,53328,JAVI    @EA54C6,15985,0EFEEFFD1EFF,-49.8,-52.9,-22.6,
13/02/2023 20:19:46.523,53372,JAVI    @EA54C6,15992,8AFFEEFD6EFE,-11.8,-53.0,-40.2,
13/02/2023 20:19:46.571,53420,JAVI    @EA54C6,15998,420581FD73FA,134.6,-63.9,-142.1,
13/02/2023 20:19:46.619,53469,JAVI    @EA54C6,16004,D2FE35FB52F7,-30.2,-122.7,-222.2,
13/02/2023 20:19:46.661,53510,JAVI    @EA54C6,16010,BB0467FD6DF8,121.1,-66.5,-193.9,
13/02/2023 20:19:46.707,53556,JAVI    @EA54C6,16017,BE0092FE43FF,19.0,-36.6,-18.9,
13/02/2023 20:19:46.797,53646,JAVI    @EA54C6,16023,C0FA3C038807,-134.4,82.8,192.8,
13/02/2023 20:19:46.840,53689,JAVI    @EA54C6,16029,E500EB05600D,22.9,151.5,342.4,
13/02/2023 20:19:46.884,53733,JAVI    @EA54C6,16035,92FEB608620E,-36.6,223.0,368.2,
13/02/2023 20:19:46.933,53782,JAVI    @EA54C6,16042,51F78406A00B,-222.3,166.8,297.6,
13/02/2023 20:19:46.975,53824,JAVI    @EA54C6,16048,C1FDB1009703,-57.5,17.7,91.9,
13/02/2023 20:19:47.021,53870,JAVI    @EA54C6,16054,5AFEA5FE03FA,-42.2,-34.7,-153.3,
13/02/2023 20:19:47.067,53916,JAVI    @EA54C6,16060,1907A2FA61F7,181.7,-137.4,-220.7,
13/02/2023 20:19:47.109,53958,JAVI    @EA54C6,16067,C1013FFCCFF8,44.9,-96.1,-184.1,
13/02/2023 20:19:47.157,54006,JAVI    @EA54C6,16073,94007EFDCEFB,14.8,-64.2,-107.4,
13/02/2023 20:19:47.252,54101,JAVI    @EA54C6,16079,A3FEF6FDE2FE,-34.9,-52.2,-28.6,
13/02/2023 20:19:47.291,54140,JAVI    @EA54C6,16085,AF000BFE6AFE,17.5,-50.1,-40.6,
13/02/2023 20:19:47.335,54184,JAVI    @EA54C6,16092,E304BFFDCDFB,125.1,-57.7,-107.5,
13/02/2023 20:19:47.382,54230,JAVI    @EA54C6,16098,11FD92FA71F7,-75.1,-139.0,-219.1,
13/02/2023 20:19:47.427,54276,JAVI    @EA54C6,16104,220430FCEEF8,105.8,-97.6,-181.0,
13/02/2023 20:19:47.473,54322,JAVI    @EA54C6,16110,69FF3DFE87FF,-15.1,-45.1,-12.1,
13/02/2023 20:19:47.518,54367,JAVI    @EA54C6,16117,BEFA74027607,-134.6,62.8,191.0,
13/02/2023 20:19:47.562,54411,JAVI    @EA54C6,16123,8102A706AB0D,64.1,170.3,349.9,
13/02/2023 20:19:47.609,54458,JAVI    @EA54C6,16129,DAFF1D0A5E0E,-3.8,258.9,367.8,
13/02/2023 20:19:47.707,54556,JAVI    @EA54C6,16135,A4F63908700B,-239.6,210.5,292.8,
13/02/2023 20:19:47.739,54588,JAVI    @EA54C6,16142,25004401E302,3.7,32.4,73.9,
13/02/2023 20:19:47.784,54633,JAVI    @EA54C6,16148,5202A5FD95FB,59.4,-60.3,-113.1,
13/02/2023 20:19:47.833,54682,JAVI    @EA54C6,16154,800B0EF8FBF7,294.4,-203.4,-205.3,
13/02/2023 20:19:47.876,54725,JAVI    @EA54C6,16160,C5FD8DFBBCF7,-57.1,-113.9,-211.6,
13/02/2023 20:19:47.920,54769,JAVI    @EA54C6,16167,8F003EFD6DFC,14.3,-70.6,-91.5,
13/02/2023 20:19:48.019,54868,JAVI    @EA54C6,16173,1DFE57FDA5FE,-48.3,-68.1,-34.7,
13/02/2023 20:19:48.023,54872,JAVI    @EA54C6,16179,F901ADFDFFFD,50.5,-59.5,-51.3,
13/02/2023 20:19:48.057,54906,JAVI    @EA54C6,16185,9801B0FC9FF9,40.8,-84.8,-163.3,
13/02/2023 20:19:48.146,54995,JAVI    @EA54C6,16192,00FE03FA0FF6,-51.2,-153.3,-254.5,
13/02/2023 20:19:48.191,55040,JAVI    @EA54C6,16198,04074DFCC0FA,179.6,-94.7,-134.4,
13/02/2023 20:19:48.235,55084,JAVI    @EA54C6,16204,E4FBAA00D2FF,-105.2,17.0,-4.6,
13/02/2023 20:19:48.281,55130,JAVI    @EA54C6,16210,55FDBD04BC07,-68.3,121.3,198.0,
13/02/2023 20:19:48.328,55177,JAVI    @EA54C6,16217,AB01A308120D,42.7,221.1,334.6,
13/02/2023 20:19:48.382,55231,JAVI    @EA54C6,16223,DAFE2F0B480E,-29.4,286.3,365.6,
13/02/2023 20:19:48.415,55264,JAVI    @EA54C6,16229,BBF9B207650B,-160.5,197.0,291.7,
13/02/2023 20:19:48.459,55308,JAVI    @EA54C6,16235,3801EEFF2201,31.2,-1.8,29.0,
13/02/2023 20:19:48.504,55353,JAVI    @EA54C6,16242,9AF7E701FEF5,-215.0,48.7,-256.2,
13/02/2023 20:19:48.600,55449,JAVI    @EA54C6,16248,110239FB6AF7,52.9,-122.3,-219.8,
13/02/2023 20:19:48.645,55494,JAVI    @EA54C6,16254,B904ECFC98FA,120.9,-78.8,-138.4,
13/02/2023 20:19:48.775,55624,JAVI    @EA54C6,16260,8CFF51FDA7FE,-11.6,-68.7,-34.5,
13/02/2023 20:19:48.779,55628,JAVI    @EA54C6,16267,71FFB2FD86FE,-14.3,-59.0,-37.8,
13/02/2023 20:19:48.780,55629,JAVI    @EA54C6,16273,6F0439FD81FD,113.5,-71.1,-63.9,
13/02/2023 20:19:48.864,55713,JAVI    @EA54C6,16279,41F8CBFABEF6,-198.3,-133.3,-237.0,
13/02/2023 20:19:48.865,55714,JAVI    @EA54C6,16285,8D04BBFBF7F5,116.5,-109.3,-256.9,
13/02/2023 20:19:48.909,55758,JAVI    @EA54C6,16292,860455FD79FB,115.8,-68.3,-115.9,
13/02/2023 20:19:48.960,55809,JAVI    @EA54C6,16298,CFFD8F03DB02,-56.1,91.1,73.1,
13/02/2023 20:19:49.044,55893,JAVI    @EA54C6,16304,14023308B70A,53.2,209.9,274.3,
13/02/2023 20:19:49.102,55951,JAVI    @EA54C6,16310,A5FF220B180E,-9.1,285.0,360.8,
13/02/2023 20:19:49.135,55984,JAVI    @EA54C6,16317,89FBD8093A0E,-114.3,252.0,364.2,
13/02/2023 20:19:49.181,56030,JAVI    @EA54C6,16323,96FE3E03B107,-36.2,83.0,196.9,
13/02/2023 20:19:49.228,56077,JAVI    @EA54C6,16329,1903B7FEA1FD,79.3,-32.9,-60.7,
13/02/2023 20:19:49.270,56119,JAVI    @EA54C6,16335,08FAA7F5D6F0,-152.8,-264.9,-388.2,
13/02/2023 20:19:49.316,56165,JAVI    @EA54C6,16342,13FA06FB0CF6,-151.7,-127.4,-254.8,
13/02/2023 20:19:49.360,56209,JAVI    @EA54C6,16348,11032DFD4DFC,78.5,-72.3,-94.7,
13/02/2023 20:19:49.405,56254,JAVI    @EA54C6,16354,0FFF3AFD07FF,-24.1,-71.0,-24.9,
13/02/2023 20:19:49.512,56361,JAVI    @EA54C6,16360,1B017CFD31FE,28.3,-64.4,-46.3,
13/02/2023 20:19:49.541,56390,JAVI    @EA54C6,16367,AF0016FD40FB,17.5,-74.6,-121.6,
13/02/2023 20:19:49.584,56433,JAVI    @EA54C6,16373,D9FE9BFAC0F6,-29.5,-138.1,-236.8,
13/02/2023 20:19:49.630,56479,JAVI    @EA54C6,16379,97072EFCE6F8,194.3,-97.8,-181.8,
13/02/2023 20:19:49.674,56523,JAVI    @EA54C6,16385,2B018DFF2EFE,29.9,-11.5,-46.6,
13/02/2023 20:19:49.721,56570,JAVI    @EA54C6,16392,2AFC03050105,-98.2,128.3,128.1,
13/02/2023 20:19:49.767,56616,JAVI    @EA54C6,16398,A9004C08810B,16.9,212.4,294.5,
13/02/2023 20:19:49.813,56662,JAVI    @EA54C6,16404,0400DB0A6A0E,0.4,277.9,369.0,
13/02/2023 20:19:49.859,56708,JAVI    @EA54C6,16410,8FFA2609400C,-139.3,234.2,313.6,
13/02/2023 20:19:49.951,56800,JAVI    @EA54C6,16417,6F002801C703,11.1,29.6,96.7,
13/02/2023 20:19:49.993,56842,JAVI    @EA54C6,16423,7700C8FE32FD,11.9,-31.2,-71.8,
13/02/2023 20:19:50.036,56885,JAVI    @EA54C6,16429,64126CF9CBF6,470.8,-168.4,-235.7,
13/02/2023 20:19:50.081,56930,JAVI    @EA54C6,16435,BC0303FC74F8,95.6,-102.1,-193.2,
13/02/2023 20:19:50.126,56975,JAVI    @EA54C6,16442,90FFE2FC9DFC,-11.2,-79.8,-86.7,
13/02/2023 20:19:50.176,57025,JAVI    @EA54C6,16448,81FE81FD43FF,-38.3,-63.9,-18.9,
13/02/2023 20:19:50.216,57065,JAVI    @EA54C6,16454,AD01E9FD37FE,42.9,-53.5,-45.7,
13/02/2023 20:19:50.262,57111,JAVI    @EA54C6,16460,44000EFCF9F9,6.8,-101.0,-154.3,
13/02/2023 20:19:50.305,57154,JAVI    @EA54C6,16467,76FD6EFA0DF7,-65.0,-142.6,-229.1,
13/02/2023 20:19:50.403,57252,JAVI    @EA54C6,16473,4F0882FC1DFA,212.7,-89.4,-150.7,
13/02/2023 20:19:50.442,57291,JAVI    @EA54C6,16479,47FF69FF9DFF,-18.5,-15.1,-9.9,
13/02/2023 20:19:50.486,57335,JAVI    @EA54C6,16485,56FCF5037B06,-93.8,101.3,165.9,
13/02/2023 20:19:50.529,57378,JAVI    @EA54C6,16492,C9017607C00C,45.7,191.0,326.4,
13/02/2023 20:19:50.576,57425,JAVI    @EA54C6,16498,A001BA0AC80D,41.6,274.6,352.8,
13/02/2023 20:19:50.622,57471,JAVI    @EA54C6,16504,B4FAAE08600B,-135.6,222.2,291.2,
13/02/2023 20:19:50.666,57515,JAVI    @EA54C6,16510,DAFDCD001E02,-55.0,20.5,54.2,
13/02/2023 20:19:50.711,57560,JAVI    @EA54C6,16517,6B0068FF64FB,10.7,-15.2,-118.0,
13/02/2023 20:19:50.754,57603,JAVI    @EA54C6,16523,520CE9FAE5F6,315.4,-130.3,-233.1,
13/02/2023 20:19:50.853,57702,JAVI    @EA54C6,16529,B702E5FC17F9,69.5,-79.5,-176.9,
13/02/2023 20:19:50.889,57738,JAVI    @EA54C6,16535,19006CFDBCFC,2.5,-66.0,-83.6,
13/02/2023 20:19:50.934,57783,JAVI    @EA54C6,16542,4BFD9AFDB0FE,-69.3,-61.4,-33.6,
13/02/2023 20:19:50.982,57831,JAVI    @EA54C6,16548,DC020AFEC1FD,73.2,-50.2,-57.5,
13/02/2023 20:19:51.032,57881,JAVI    @EA54C6,16554,D60080FC25F9,21.4,-89.6,-175.5,
13/02/2023 20:19:51.071,57920,JAVI    @EA54C6,16560,78FD5DFB16F7,-64.8,-118.7,-228.2,
13/02/2023 20:19:51.116,57965,JAVI    @EA54C6,16567,1B0855FDC2FC,207.5,-68.3,-83.0,
13/02/2023 20:19:51.162,58011,JAVI    @EA54C6,16573,A5002D010F02,16.5,30.1,52.7,
13/02/2023 20:19:51.206,58055,JAVI    @EA54C6,16579,2FFF7206B908,-20.9,165.0,223.3,
13/02/2023 20:19:51.304,58153,JAVI    @EA54C6,16585,B403250A930D,94.8,259.7,347.5,
13/02/2023 20:19:51.347,58196,JAVI    @EA54C6,16592,22017B0C8E0E,29.0,319.5,372.6,
13/02/2023 20:19:51.387,58236,JAVI    @EA54C6,16598,5BF89307400A,-195.7,193.9,262.4,
13/02/2023 20:19:51.432,58281,JAVI    @EA54C6,16604,DAFC56FF60FD,-80.6,-17.0,-67.2,
13/02/2023 20:19:51.476,58325,JAVI    @EA54C6,16610,0CFF3F00A4F3,-24.4,6.3,-316.4,
13/02/2023 20:19:51.521,58370,JAVI    @EA54C6,16617,B1FAB7FCB4F5,-135.9,-84.1,-263.6,
13/02/2023 20:19:51.565,58414,JAVI    @EA54C6,16623,AE035DFDBCFA,94.2,-67.5,-134.8,
13/02/2023 20:19:51.609,58458,JAVI    @EA54C6,16629,7201EFFDD8FE,37.0,-52.9,-29.6,
13/02/2023 20:19:51.655,58505,JAVI    @EA54C6,16635,27FE3AFE1CFF,-47.3,-45.4,-22.8,
13/02/2023 20:19:51.755,58604,JAVI    @EA54C6,16642,600399FEC7FD,86.4,-35.9,-56.9,
13/02/2023 20:19:51.796,58645,JAVI    @EA54C6,16648,340041FCBFF9,5.2,-95.9,-160.1,
13/02/2023 20:19:51.835,58684,JAVI    @EA54C6,16654,CFFE0BFB42F6,-30.5,-126.9,-249.4,
13/02/2023 20:19:51.880,58729,JAVI    @EA54C6,16660,F7061BFC11FC,178.3,-99.7,-100.7,
13/02/2023 20:19:51.938,58787,JAVI    @EA54C6,16667,34FEF301CD00,-46.0,49.9,20.5,
13/02/2023 20:19:51.979,58828,JAVI    @EA54C6,16673,D4030B087109,98.0,205.9,241.7,
13/02/2023 20:19:52.019,58868,JAVI    @EA54C6,16679,2D02280B460D,55.7,285.6,339.8,
13/02/2023 20:19:52.062,58911,JAVI    @EA54C6,16685,E3F7D109250E,-207.7,251.3,362.1,
13/02/2023 20:19:52.108,58957,JAVI    @EA54C6,16692,D6FD1304D208,-55.4,104.3,225.8,
13/02/2023 20:19:52.197,59046,JAVI    @EA54C6,16698,B8FF2EFFD5FD,-7.2,-21.0,-55.5,
13/02/2023 20:19:52.239,59088,JAVI    @EA54C6,16704,440F2DFA4DF8,390.8,-149.1,-197.1,
13/02/2023 20:19:52.288,59137,JAVI    @EA54C6,16710,C7026BFC8CF8,71.1,-91.7,-190.8,
13/02/2023 20:19:52.341,59190,JAVI    @EA54C6,16717,2C0037FD92FC,4.4,-71.3,-87.8,
13/02/2023 20:19:52.373,59222,JAVI    @EA54C6,16723,25FE59FD9BFF,-47.5,-67.9,-10.1,
13/02/2023 20:19:52.420,59269,JAVI    @EA54C6,16729,16001FFE7AFE,2.2,-48.1,-39.0,
13/02/2023 20:19:52.465,59314,JAVI    @EA54C6,16735,7A03AFFDE0FC,89.0,-59.3,-80.0,
13/02/2023 20:19:52.510,59359,JAVI    @EA54C6,16742,A6FBF2FAF4F7,-111.4,-129.4,-206.0,
13/02/2023 20:19:52.555,59404,JAVI    @EA54C6,16748,B30278FC19F7,69.1,-90.4,-227.9,
